county,income_tier,year,tenure,total_households,cost_burdened_households,avg_cost_burdened_pct,avg_severely_cb_pct,median_gross_rent,median_home_value,avg_vacancy_rate,total_affordable_units,total_affordability_gap,cost_burden_rate_calc
Chatham,Extremely Low Income (<=30% AMI),2015,Owner,30055,20254,0.677,0.4844,0.0,242044.5,0.0564,9104,11150,0.6739
Chatham,Extremely Low Income (<=30% AMI),2015,Renter,30266,20322,0.6744,0.4845,896.0,0.0,0.0564,8769,11553,0.6714
Chatham,Low Income (51-80% AMI),2015,Owner,29790,10049,0.3405,0.0965,0.0,242044.5,0.0564,10292,535,0.3373
Chatham,Low Income (51-80% AMI),2015,Renter,28710,9817,0.3448,0.0949,896.0,0.0,0.0564,9888,622,0.3419
Chatham,Middle/Upper Income (>120% AMI),2015,Owner,29031,1732,0.0619,0.0148,0.0,242044.5,0.0564,11059,0,0.0597
Chatham,Middle/Upper Income (>120% AMI),2015,Renter,30067,2075,0.0706,0.0153,896.0,0.0,0.0564,11544,0,0.069
Chatham,Moderate Income (81-120% AMI),2015,Owner,27361,4970,0.1837,0.0252,0.0,242044.5,0.0564,10081,0,0.1816
Chatham,Moderate Income (81-120% AMI),2015,Renter,29225,5124,0.1783,0.0226,896.0,0.0,0.0564,10994,0,0.1753
Chatham,Very Low Income (31-50% AMI),2015,Owner,29144,14873,0.5119,0.2482,0.0,242044.5,0.0564,9245,5628,0.5103
Chatham,Very Low Income (31-50% AMI),2015,Renter,27979,14185,0.5098,0.2443,896.0,0.0,0.0564,9103,5082,0.507
Chatham,Extremely Low Income (<=30% AMI),2016,Owner,28663,19285,0.6756,0.4866,0.0,250230.0,0.0543,8330,10955,0.6728
Chatham,Extremely Low Income (<=30% AMI),2016,Renter,28290,19087,0.6787,0.4894,939.0,0.0,0.0543,8273,10814,0.6747
Chatham,Low Income (51-80% AMI),2016,Owner,32818,11028,0.34,0.0953,0.0,250230.0,0.0543,10782,974,0.336
Chatham,Low Income (51-80% AMI),2016,Renter,29221,9973,0.3443,0.0966,939.0,0.0,0.0543,10192,525,0.3413
Chatham,Middle/Upper Income (>120% AMI),2016,Owner,29212,1667,0.0608,0.0146,0.0,250230.0,0.0543,11182,0,0.0571
Chatham,Middle/Upper Income (>120% AMI),2016,Renter,31581,1997,0.0649,0.0147,939.0,0.0,0.0543,12396,0,0.0632
Chatham,Moderate Income (81-120% AMI),2016,Owner,28023,4846,0.1751,0.0233,0.0,250230.0,0.0543,10222,0,0.1729
Chatham,Moderate Income (81-120% AMI),2016,Renter,29863,5327,0.181,0.0248,939.0,0.0,0.0543,10770,1,0.1784
Chatham,Very Low Income (31-50% AMI),2016,Owner,30597,15432,0.5066,0.2448,0.0,250230.0,0.0543,9503,5929,0.5044
Chatham,Very Low Income (31-50% AMI),2016,Renter,29653,14941,0.5085,0.2451,939.0,0.0,0.0543,9439,5502,0.5039
Chatham,Extremely Low Income (<=30% AMI),2017,Owner,28356,19219,0.6811,0.49,0.0,262330.5,0.0537,8085,11134,0.6778
Chatham,Extremely Low Income (<=30% AMI),2017,Renter,29173,19802,0.68,0.4889,982.0,0.0,0.0537,8376,11426,0.6788
Chatham,Low Income (51-80% AMI),2017,Owner,29137,9768,0.3394,0.0983,0.0,262330.5,0.0537,9748,682,0.3352
Chatham,Low Income (51-80% AMI),2017,Renter,26831,8979,0.3377,0.0955,982.0,0.0,0.0537,9063,603,0.3347
Chatham,Middle/Upper Income (>120% AMI),2017,Owner,30043,2008,0.0689,0.0143,0.0,262330.5,0.0537,11697,0,0.0668
Chatham,Middle/Upper Income (>120% AMI),2017,Renter,30120,1765,0.0608,0.0136,982.0,0.0,0.0537,11673,0,0.0586
Chatham,Moderate Income (81-120% AMI),2017,Owner,29657,5142,0.1785,0.0265,0.0,262330.5,0.0537,10501,0,0.1734
Chatham,Moderate Income (81-120% AMI),2017,Renter,28101,5014,0.1797,0.0249,982.0,0.0,0.0537,10065,0,0.1784
Chatham,Very Low Income (31-50% AMI),2017,Owner,28670,14519,0.5093,0.2403,0.0,262330.5,0.0537,8766,5753,0.5064
Chatham,Very Low Income (31-50% AMI),2017,Renter,31250,15822,0.5106,0.2453,982.0,0.0,0.0537,9690,6132,0.5063
Chatham,Extremely Low Income (<=30% AMI),2018,Owner,28851,19502,0.6804,0.4886,0.0,273682.5,0.0527,8114,11388,0.676
Chatham,Extremely Low Income (<=30% AMI),2018,Renter,29947,20315,0.682,0.4913,1024.5,0.0,0.0527,8423,11892,0.6784
Chatham,Low Income (51-80% AMI),2018,Owner,28714,9764,0.3414,0.0951,0.0,273682.5,0.0527,9731,722,0.34
Chatham,Low Income (51-80% AMI),2018,Renter,28218,9499,0.3396,0.094,1024.5,0.0,0.0527,9304,730,0.3366
Chatham,Middle/Upper Income (>120% AMI),2018,Owner,27890,1736,0.0641,0.0148,0.0,273682.5,0.0527,10543,0,0.0622
Chatham,Middle/Upper Income (>120% AMI),2018,Renter,27711,1759,0.0654,0.015,1024.5,0.0,0.0527,10342,0,0.0635
Chatham,Moderate Income (81-120% AMI),2018,Owner,29527,5147,0.1784,0.0263,0.0,273682.5,0.0527,10681,0,0.1743
Chatham,Moderate Income (81-120% AMI),2018,Renter,28067,5029,0.1815,0.0247,1024.5,0.0,0.0527,9767,0,0.1792
Chatham,Very Low Income (31-50% AMI),2018,Owner,28629,14452,0.5084,0.2425,0.0,273682.5,0.0527,8544,5908,0.5048
Chatham,Very Low Income (31-50% AMI),2018,Renter,29689,15050,0.5099,0.2449,1024.5,0.0,0.0527,8819,6231,0.5069
Chatham,Extremely Low Income (<=30% AMI),2019,Owner,31111,21407,0.6897,0.4956,0.0,288252.0,0.0534,8546,12861,0.6881
Chatham,Extremely Low Income (<=30% AMI),2019,Renter,28613,19369,0.6803,0.4897,1085.0,0.0,0.0534,7788,11581,0.6769
Chatham,Low Income (51-80% AMI),2019,Owner,28045,9417,0.3379,0.0961,0.0,288252.0,0.0534,9121,799,0.3358
Chatham,Low Income (51-80% AMI),2019,Renter,29792,10028,0.3395,0.0954,1085.0,0.0,0.0534,9485,1017,0.3366
Chatham,Middle/Upper Income (>120% AMI),2019,Owner,29332,1850,0.066,0.0145,0.0,288252.0,0.0534,10697,0,0.0631
Chatham,Middle/Upper Income (>120% AMI),2019,Renter,29583,1745,0.0633,0.0155,1085.0,0.0,0.0534,10838,0,0.059
Chatham,Moderate Income (81-120% AMI),2019,Owner,27784,4902,0.18,0.0263,0.0,288252.0,0.0534,9512,0,0.1764
Chatham,Moderate Income (81-120% AMI),2019,Renter,28727,5157,0.1808,0.0252,1085.0,0.0,0.0534,10086,0,0.1795
Chatham,Very Low Income (31-50% AMI),2019,Owner,29526,15032,0.5107,0.2469,0.0,288252.0,0.0534,8867,6165,0.5091
Chatham,Very Low Income (31-50% AMI),2019,Renter,28057,14149,0.5082,0.245,1085.0,0.0,0.0534,8539,5610,0.5043
Chatham,Extremely Low Income (<=30% AMI),2020,Owner,29593,20186,0.6824,0.4892,0.0,307189.5,0.0521,7931,12255,0.6821
Chatham,Extremely Low Income (<=30% AMI),2020,Renter,29010,19851,0.6861,0.4947,1132.5,0.0,0.0521,7690,12161,0.6843
Chatham,Low Income (51-80% AMI),2020,Owner,30789,10532,0.3446,0.0948,0.0,307189.5,0.0521,9764,1199,0.3421
Chatham,Low Income (51-80% AMI),2020,Renter,29206,9823,0.3387,0.0951,1132.5,0.0,0.0521,9463,851,0.3363
Chatham,Middle/Upper Income (>120% AMI),2020,Owner,29211,1847,0.0653,0.0143,0.0,307189.5,0.0521,10463,0,0.0632
Chatham,Middle/Upper Income (>120% AMI),2020,Renter,28554,1759,0.0652,0.0144,1132.5,0.0,0.0521,10093,0,0.0616
Chatham,Moderate Income (81-120% AMI),2020,Owner,30248,5371,0.1802,0.0262,0.0,307189.5,0.0521,10252,0,0.1776
Chatham,Moderate Income (81-120% AMI),2020,Renter,31004,5551,0.1819,0.0279,1132.5,0.0,0.0521,10434,5,0.179
Chatham,Very Low Income (31-50% AMI),2020,Owner,29619,14996,0.5093,0.2422,0.0,307189.5,0.0521,8591,6405,0.5063
Chatham,Very Low Income (31-50% AMI),2020,Renter,29544,14927,0.5073,0.2426,1132.5,0.0,0.0521,8586,6341,0.5052
Chatham,Extremely Low Income (<=30% AMI),2021,Owner,28316,19364,0.6849,0.4953,0.0,311402.5,0.0519,7591,11773,0.6839
Chatham,Extremely Low Income (<=30% AMI),2021,Renter,29618,20263,0.6853,0.4928,1190.0,0.0,0.0519,7738,12525,0.6841
Chatham,Low Income (51-80% AMI),2021,Owner,30020,10094,0.3397,0.0964,0.0,311402.5,0.0519,9329,1117,0.3362
Chatham,Low Income (51-80% AMI),2021,Renter,28941,9905,0.3438,0.094,1190.0,0.0,0.0519,8809,1327,0.3422
Chatham,Middle/Upper Income (>120% AMI),2021,Owner,28021,1753,0.0666,0.0151,0.0,311402.5,0.0519,9700,0,0.0626
Chatham,Middle/Upper Income (>120% AMI),2021,Renter,29519,1810,0.0654,0.0152,1190.0,0.0,0.0519,10379,0,0.0613
Chatham,Moderate Income (81-120% AMI),2021,Owner,28201,4972,0.1778,0.0251,0.0,311402.5,0.0519,9407,0,0.1763
Chatham,Moderate Income (81-120% AMI),2021,Renter,31057,5530,0.1798,0.0258,1190.0,0.0,0.0519,10345,14,0.1781
Chatham,Very Low Income (31-50% AMI),2021,Owner,31589,16024,0.5082,0.2456,0.0,311402.5,0.0519,8725,7299,0.5073
Chatham,Very Low Income (31-50% AMI),2021,Renter,29803,15090,0.509,0.2445,1190.0,0.0,0.0519,8396,6694,0.5063
Chatham,Extremely Low Income (<=30% AMI),2022,Owner,27114,18651,0.6895,0.4988,0.0,334129.0,0.0454,7031,11620,0.6879
Chatham,Extremely Low Income (<=30% AMI),2022,Renter,30730,21091,0.6889,0.4952,1269.0,0.0,0.0454,7873,13218,0.6863
Chatham,Low Income (51-80% AMI),2022,Owner,30469,10231,0.3383,0.0939,0.0,334129.0,0.0454,9426,1186,0.3358
Chatham,Low Income (51-80% AMI),2022,Renter,27665,9392,0.3398,0.0963,1269.0,0.0,0.0454,8422,1215,0.3395
Chatham,Middle/Upper Income (>120% AMI),2022,Owner,30279,1939,0.0671,0.0146,0.0,334129.0,0.0454,10788,0,0.064
Chatham,Middle/Upper Income (>120% AMI),2022,Renter,29749,1583,0.0581,0.0145,1269.0,0.0,0.0454,10315,0,0.0532
Chatham,Moderate Income (81-120% AMI),2022,Owner,29135,5167,0.1795,0.0247,0.0,334129.0,0.0454,9502,0,0.1773
Chatham,Moderate Income (81-120% AMI),2022,Renter,28970,5269,0.1852,0.0235,1269.0,0.0,0.0454,9592,1,0.1819
Chatham,Very Low Income (31-50% AMI),2022,Owner,30698,15553,0.5101,0.2425,0.0,334129.0,0.0454,8384,7169,0.5066
Chatham,Very Low Income (31-50% AMI),2022,Renter,28774,14667,0.5115,0.2455,1269.0,0.0,0.0454,7931,6736,0.5097
Chatham,Extremely Low Income (<=30% AMI),2023,Owner,27692,19100,0.6944,0.5,0.0,347221.0,0.0493,6987,12113,0.6897
Chatham,Extremely Low Income (<=30% AMI),2023,Renter,28686,19666,0.6901,0.4981,1291.0,0.0,0.0493,7145,12521,0.6856
Chatham,Low Income (51-80% AMI),2023,Owner,29877,10117,0.3409,0.0928,0.0,347221.0,0.0493,8818,1569,0.3386
Chatham,Low Income (51-80% AMI),2023,Renter,29725,9919,0.3366,0.0966,1291.0,0.0,0.0493,9095,1196,0.3337
Chatham,Middle/Upper Income (>120% AMI),2023,Owner,28961,1833,0.0667,0.0141,0.0,347221.0,0.0493,10022,0,0.0633
Chatham,Middle/Upper Income (>120% AMI),2023,Renter,29835,1853,0.0647,0.0155,1291.0,0.0,0.0493,10338,0,0.0621
Chatham,Moderate Income (81-120% AMI),2023,Owner,29597,5127,0.1778,0.0251,0.0,347221.0,0.0493,9548,0,0.1732
Chatham,Moderate Income (81-120% AMI),2023,Renter,29271,5395,0.1867,0.0248,1291.0,0.0,0.0493,9434,8,0.1843
Chatham,Very Low Income (31-50% AMI),2023,Owner,30575,15540,0.5116,0.245,0.0,347221.0,0.0493,8146,7394,0.5083
Chatham,Very Low Income (31-50% AMI),2023,Renter,29191,14931,0.5141,0.2464,1291.0,0.0,0.0493,8070,6861,0.5115
Chatham,Extremely Low Income (<=30% AMI),2024,Owner,29614,20477,0.6938,0.4997,0.0,365642.0,0.0481,7230,13247,0.6915
Chatham,Extremely Low Income (<=30% AMI),2024,Renter,26648,18398,0.6956,0.5005,1359.0,0.0,0.0481,6461,11937,0.6904
Chatham,Low Income (51-80% AMI),2024,Owner,28616,9627,0.3395,0.0962,0.0,365642.0,0.0481,8516,1276,0.3364
Chatham,Low Income (51-80% AMI),2024,Renter,29743,10008,0.3389,0.0942,1359.0,0.0,0.0481,8793,1452,0.3365
Chatham,Middle/Upper Income (>120% AMI),2024,Owner,29782,1846,0.0641,0.0134,0.0,365642.0,0.0481,9916,0,0.062
Chatham,Middle/Upper Income (>120% AMI),2024,Renter,28134,1866,0.0684,0.0145,1359.0,0.0,0.0481,9445,0,0.0663
Chatham,Moderate Income (81-120% AMI),2024,Owner,28716,5074,0.1805,0.026,0.0,365642.0,0.0481,9172,9,0.1767
Chatham,Moderate Income (81-120% AMI),2024,Renter,29348,5101,0.1775,0.0249,1359.0,0.0,0.0481,9110,0,0.1738
Chatham,Very Low Income (31-50% AMI),2024,Owner,30881,15637,0.5076,0.2438,0.0,365642.0,0.0481,8459,7178,0.5064
Chatham,Very Low Income (31-50% AMI),2024,Renter,28845,14669,0.5101,0.2462,1359.0,0.0,0.0481,8000,6669,0.5085
Durham,Extremely Low Income (<=30% AMI),2015,Owner,28803,19352,0.674,0.4883,0.0,271018.5,0.0544,8406,10946,0.6719
Durham,Extremely Low Income (<=30% AMI),2015,Renter,29898,20210,0.6779,0.4871,1074.5,0.0,0.0544,9179,11031,0.676
Durham,Low Income (51-80% AMI),2015,Owner,29132,9851,0.3407,0.0955,0.0,271018.5,0.0544,10156,582,0.3382
Durham,Low Income (51-80% AMI),2015,Renter,29844,9995,0.3378,0.0926,1074.5,0.0,0.0544,10345,570,0.3349
Durham,Middle/Upper Income (>120% AMI),2015,Owner,27886,1802,0.0658,0.0143,0.0,271018.5,0.0544,11031,0,0.0646
Durham,Middle/Upper Income (>120% AMI),2015,Renter,28519,1885,0.0679,0.0154,1074.5,0.0,0.0544,10917,0,0.0661
Durham,Moderate Income (81-120% AMI),2015,Owner,31265,5475,0.178,0.0249,0.0,271018.5,0.0544,11617,0,0.1751
Durham,Moderate Income (81-120% AMI),2015,Renter,29035,5160,0.1789,0.0262,1074.5,0.0,0.0544,10759,0,0.1777
Durham,Very Low Income (31-50% AMI),2015,Owner,29705,15049,0.5079,0.2424,0.0,271018.5,0.0544,9505,5544,0.5066
Durham,Very Low Income (31-50% AMI),2015,Renter,28942,14777,0.5126,0.2464,1074.5,0.0,0.0544,9414,5363,0.5106
Durham,Extremely Low Income (<=30% AMI),2016,Owner,29063,19655,0.6794,0.4874,0.0,280511.0,0.0547,8554,11101,0.6763
Durham,Extremely Low Income (<=30% AMI),2016,Renter,28048,19105,0.6821,0.4898,1156.5,0.0,0.0547,8371,10734,0.6812
Durham,Low Income (51-80% AMI),2016,Owner,30081,10117,0.3386,0.0958,0.0,280511.0,0.0547,10199,609,0.3363
Durham,Low Income (51-80% AMI),2016,Renter,31143,10569,0.3416,0.0965,1156.5,0.0,0.0547,10745,589,0.3394
Durham,Middle/Upper Income (>120% AMI),2016,Owner,29099,1711,0.0624,0.0142,0.0,280511.0,0.0547,11214,0,0.0588
Durham,Middle/Upper Income (>120% AMI),2016,Renter,28415,1685,0.0638,0.0143,1156.5,0.0,0.0547,10854,0,0.0593
Durham,Moderate Income (81-120% AMI),2016,Owner,29465,5225,0.1809,0.023,0.0,280511.0,0.0547,10851,0,0.1773
Durham,Moderate Income (81-120% AMI),2016,Renter,28485,5099,0.1815,0.0254,1156.5,0.0,0.0547,10301,0,0.179
Durham,Very Low Income (31-50% AMI),2016,Owner,30118,15085,0.5053,0.2397,0.0,280511.0,0.0547,9371,5714,0.5009
Durham,Very Low Income (31-50% AMI),2016,Renter,29100,14815,0.5107,0.2457,1156.5,0.0,0.0547,9229,5586,0.5091
Durham,Extremely Low Income (<=30% AMI),2017,Owner,29053,19756,0.6813,0.4928,0.0,299910.0,0.0512,8333,11423,0.68
Durham,Extremely Low Income (<=30% AMI),2017,Renter,29874,20242,0.6796,0.4879,1241.5,0.0,0.0512,8510,11732,0.6776
Durham,Low Income (51-80% AMI),2017,Owner,27445,9288,0.3396,0.0959,0.0,299910.0,0.0512,9358,590,0.3384
Durham,Low Income (51-80% AMI),2017,Renter,28134,9527,0.3409,0.0955,1241.5,0.0,0.0512,9482,703,0.3386
Durham,Middle/Upper Income (>120% AMI),2017,Owner,29014,1847,0.0654,0.0153,0.0,299910.0,0.0512,11255,0,0.0637
Durham,Middle/Upper Income (>120% AMI),2017,Renter,29109,1776,0.0641,0.014,1241.5,0.0,0.0512,10966,0,0.061
Durham,Moderate Income (81-120% AMI),2017,Owner,30552,5428,0.1792,0.0248,0.0,299910.0,0.0512,10967,1,0.1777
Durham,Moderate Income (81-120% AMI),2017,Renter,29829,5248,0.178,0.0255,1241.5,0.0,0.0512,10856,0,0.1759
Durham,Very Low Income (31-50% AMI),2017,Owner,28782,14706,0.5129,0.245,0.0,299910.0,0.0512,8913,5793,0.5109
Durham,Very Low Income (31-50% AMI),2017,Renter,30668,15443,0.5076,0.2454,1241.5,0.0,0.0512,9275,6168,0.5036
Durham,Extremely Low Income (<=30% AMI),2018,Owner,28932,19510,0.6794,0.4898,0.0,321538.5,0.0503,8105,11405,0.6743
Durham,Extremely Low Income (<=30% AMI),2018,Renter,30272,20621,0.6833,0.4905,1297.0,0.0,0.0503,8558,12063,0.6812
Durham,Low Income (51-80% AMI),2018,Owner,26962,9024,0.3366,0.0929,0.0,321538.5,0.0503,8895,633,0.3347
Durham,Low Income (51-80% AMI),2018,Renter,28300,9645,0.3425,0.0952,1297.0,0.0,0.0503,9383,746,0.3408
Durham,Middle/Upper Income (>120% AMI),2018,Owner,29861,1828,0.0631,0.0153,0.0,321538.5,0.0503,11065,0,0.0612
Durham,Middle/Upper Income (>120% AMI),2018,Renter,29655,1715,0.0614,0.0155,1297.0,0.0,0.0503,10829,0,0.0578
Durham,Moderate Income (81-120% AMI),2018,Owner,29530,5436,0.1859,0.0238,0.0,321538.5,0.0503,10696,3,0.1841
Durham,Moderate Income (81-120% AMI),2018,Renter,28219,5005,0.1791,0.0255,1297.0,0.0,0.0503,10216,0,0.1774
Durham,Very Low Income (31-50% AMI),2018,Owner,30032,15258,0.5122,0.2455,0.0,321538.5,0.0503,9075,6183,0.5081
Durham,Very Low Income (31-50% AMI),2018,Renter,27698,14063,0.5091,0.2441,1297.0,0.0,0.0503,8435,5628,0.5077
Durham,Extremely Low Income (<=30% AMI),2019,Owner,29967,20489,0.6843,0.4946,0.0,337336.0,0.049,8051,12438,0.6837
Durham,Extremely Low Income (<=30% AMI),2019,Renter,29906,20202,0.6814,0.4901,1346.0,0.0,0.049,8099,12103,0.6755
Durham,Low Income (51-80% AMI),2019,Owner,30037,10151,0.3407,0.0986,0.0,337336.0,0.049,9467,1103,0.3379
Durham,Low Income (51-80% AMI),2019,Renter,29994,10059,0.338,0.0974,1346.0,0.0,0.049,9789,825,0.3354
Durham,Middle/Upper Income (>120% AMI),2019,Owner,27982,1846,0.069,0.0142,0.0,337336.0,0.049,10381,0,0.066
Durham,Middle/Upper Income (>120% AMI),2019,Renter,28968,1844,0.0658,0.0142,1346.0,0.0,0.049,10638,0,0.0637
Durham,Moderate Income (81-120% AMI),2019,Owner,29001,5127,0.179,0.0268,0.0,337336.0,0.049,10215,5,0.1768
Durham,Moderate Income (81-120% AMI),2019,Renter,28733,5053,0.1802,0.0246,1346.0,0.0,0.049,9984,0,0.1759
Durham,Very Low Income (31-50% AMI),2019,Owner,29554,15104,0.5119,0.2465,0.0,337336.0,0.049,8839,6265,0.5111
Durham,Very Low Income (31-50% AMI),2019,Renter,28719,14589,0.51,0.2451,1346.0,0.0,0.049,8504,6085,0.508
Durham,Extremely Low Income (<=30% AMI),2020,Owner,30955,21170,0.685,0.496,0.0,347257.5,0.0519,8366,12804,0.6839
Durham,Extremely Low Income (<=30% AMI),2020,Renter,30330,20750,0.6858,0.4939,1410.5,0.0,0.0519,8090,12660,0.6841
Durham,Low Income (51-80% AMI),2020,Owner,27578,9233,0.339,0.0922,0.0,347257.5,0.0519,8754,905,0.3348
Durham,Low Income (51-80% AMI),2020,Renter,28525,9608,0.3396,0.0952,1410.5,0.0,0.0519,9203,916,0.3368
Durham,Middle/Upper Income (>120% AMI),2020,Owner,28797,1856,0.0676,0.0139,0.0,347257.5,0.0519,10616,0,0.0645
Durham,Middle/Upper Income (>120% AMI),2020,Renter,31188,1952,0.0654,0.0149,1410.5,0.0,0.0519,11256,0,0.0626
Durham,Moderate Income (81-120% AMI),2020,Owner,30245,5315,0.1787,0.0251,0.0,347257.5,0.0519,10330,13,0.1757
Durham,Moderate Income (81-120% AMI),2020,Renter,27477,4955,0.1808,0.0248,1410.5,0.0,0.0519,9463,0,0.1803
Durham,Very Low Income (31-50% AMI),2020,Owner,29509,14961,0.5096,0.2428,0.0,347257.5,0.0519,8598,6363,0.507
Durham,Very Low Income (31-50% AMI),2020,Renter,30492,15647,0.5151,0.2487,1410.5,0.0,0.0519,8680,6967,0.5132
Durham,Extremely Low Income (<=30% AMI),2021,Owner,29789,20391,0.6865,0.493,0.0,372218.5,0.0485,7817,12574,0.6845
Durham,Extremely Low Income (<=30% AMI),2021,Renter,28758,19639,0.6857,0.4941,1516.5,0.0,0.0485,7485,12154,0.6829
Durham,Low Income (51-80% AMI),2021,Owner,30099,10068,0.3388,0.0952,0.0,372218.5,0.0485,9648,978,0.3345
Durham,Low Income (51-80% AMI),2021,Renter,30640,10385,0.3408,0.0953,1516.5,0.0,0.0485,9986,907,0.3389
Durham,Middle/Upper Income (>120% AMI),2021,Owner,28697,1846,0.0682,0.0136,0.0,372218.5,0.0485,10128,0,0.0643
Durham,Middle/Upper Income (>120% AMI),2021,Renter,28516,1629,0.0616,0.0138,1516.5,0.0,0.0485,9959,0,0.0571
Durham,Moderate Income (81-120% AMI),2021,Owner,29696,5279,0.1801,0.0272,0.0,372218.5,0.0485,10246,0,0.1778
Durham,Moderate Income (81-120% AMI),2021,Renter,29807,5298,0.1793,0.0249,1516.5,0.0,0.0485,10157,7,0.1777
Durham,Very Low Income (31-50% AMI),2021,Owner,28365,14492,0.5115,0.2439,0.0,372218.5,0.0485,8268,6224,0.5109
Durham,Very Low Income (31-50% AMI),2021,Renter,28920,14715,0.5107,0.2466,1516.5,0.0,0.0485,8363,6352,0.5088
Durham,Extremely Low Income (<=30% AMI),2022,Owner,27555,18854,0.6891,0.4983,0.0,395629.5,0.0497,7062,11792,0.6842
Durham,Extremely Low Income (<=30% AMI),2022,Renter,30289,20876,0.6915,0.4976,1608.5,0.0,0.0497,7919,12957,0.6892
Durham,Low Income (51-80% AMI),2022,Owner,29755,10026,0.3387,0.0932,0.0,395629.5,0.0497,9163,1197,0.337
Durham,Low Income (51-80% AMI),2022,Renter,30455,10288,0.3401,0.0943,1608.5,0.0,0.0497,9426,1187,0.3378
Durham,Middle/Upper Income (>120% AMI),2022,Owner,30247,1821,0.0637,0.0151,0.0,395629.5,0.0497,10658,0,0.0602
Durham,Middle/Upper Income (>120% AMI),2022,Renter,28113,1681,0.0629,0.0142,1608.5,0.0,0.0497,9960,0,0.0598
Durham,Moderate Income (81-120% AMI),2022,Owner,30728,5376,0.1776,0.0273,0.0,395629.5,0.0497,10097,2,0.175
Durham,Moderate Income (81-120% AMI),2022,Renter,27445,4935,0.1827,0.0243,1608.5,0.0,0.0497,9117,0,0.1798
Durham,Very Low Income (31-50% AMI),2022,Owner,28353,14386,0.5101,0.2461,0.0,395629.5,0.0497,8164,6222,0.5074
Durham,Very Low Income (31-50% AMI),2022,Renter,29862,15134,0.5091,0.2471,1608.5,0.0,0.0497,8503,6631,0.5068
Durham,Extremely Low Income (<=30% AMI),2023,Owner,29821,20617,0.6947,0.4996,0.0,413136.5,0.0469,7479,13138,0.6914
Durham,Extremely Low Income (<=30% AMI),2023,Renter,27509,18971,0.6906,0.4955,1683.0,0.0,0.0469,7011,11960,0.6896
Durham,Low Income (51-80% AMI),2023,Owner,29123,9875,0.3416,0.0933,0.0,413136.5,0.0469,8813,1333,0.3391
Durham,Low Income (51-80% AMI),2023,Renter,27698,9431,0.3415,0.0962,1683.0,0.0,0.0469,8492,1263,0.3405
Durham,Middle/Upper Income (>120% AMI),2023,Owner,30890,1888,0.0626,0.0138,0.0,413136.5,0.0469,10705,0,0.0611
Durham,Middle/Upper Income (>120% AMI),2023,Renter,27659,1808,0.0684,0.0148,1683.0,0.0,0.0469,9591,0,0.0654
Durham,Moderate Income (81-120% AMI),2023,Owner,28635,5075,0.178,0.0253,0.0,413136.5,0.0469,9215,5,0.1772
Durham,Moderate Income (81-120% AMI),2023,Renter,29220,5186,0.1798,0.0237,1683.0,0.0,0.0469,9377,4,0.1775
Durham,Very Low Income (31-50% AMI),2023,Owner,28870,14909,0.5178,0.2485,0.0,413136.5,0.0469,8181,6728,0.5164
Durham,Very Low Income (31-50% AMI),2023,Renter,28544,14425,0.5063,0.2431,1683.0,0.0,0.0469,7995,6430,0.5054
Durham,Extremely Low Income (<=30% AMI),2024,Owner,29166,20146,0.6941,0.4994,0.0,437912.5,0.0456,6985,13161,0.6907
Durham,Extremely Low Income (<=30% AMI),2024,Renter,29285,20329,0.6969,0.5018,1783.0,0.0,0.0456,7245,13084,0.6942
Durham,Low Income (51-80% AMI),2024,Owner,27783,9293,0.3363,0.0954,0.0,437912.5,0.0456,8175,1303,0.3345
Durham,Low Income (51-80% AMI),2024,Renter,29108,9842,0.3409,0.0934,1783.0,0.0,0.0456,8716,1326,0.3381
Durham,Middle/Upper Income (>120% AMI),2024,Owner,27793,1846,0.0688,0.0157,0.0,437912.5,0.0456,9461,0,0.0664
Durham,Middle/Upper Income (>120% AMI),2024,Renter,27623,1619,0.0623,0.0139,1783.0,0.0,0.0456,9411,0,0.0586
Durham,Moderate Income (81-120% AMI),2024,Owner,29654,5293,0.182,0.027,0.0,437912.5,0.0456,9362,6,0.1785
Durham,Moderate Income (81-120% AMI),2024,Renter,29147,5259,0.1807,0.0232,1783.0,0.0,0.0456,9341,0,0.1804
Durham,Very Low Income (31-50% AMI),2024,Owner,30078,15293,0.512,0.2452,0.0,437912.5,0.0456,8078,7215,0.5084
Durham,Very Low Income (31-50% AMI),2024,Renter,30006,15389,0.5159,0.2462,1783.0,0.0,0.0456,8048,7341,0.5129
Franklin,Extremely Low Income (<=30% AMI),2015,Owner,30267,20371,0.6757,0.49,0.0,188255.5,0.0552,8820,11551,0.673
Franklin,Extremely Low Income (<=30% AMI),2015,Renter,28116,18874,0.6746,0.4874,780.5,0.0,0.0552,8333,10541,0.6713
Franklin,Low Income (51-80% AMI),2015,Owner,28835,9710,0.3385,0.0972,0.0,188255.5,0.0552,9777,718,0.3367
Franklin,Low Income (51-80% AMI),2015,Renter,28080,9300,0.3347,0.094,780.5,0.0,0.0552,9532,501,0.3312
Franklin,Middle/Upper Income (>120% AMI),2015,Owner,29359,2058,0.0718,0.0139,0.0,188255.5,0.0552,11516,0,0.0701
Franklin,Middle/Upper Income (>120% AMI),2015,Renter,28222,1871,0.0697,0.015,780.5,0.0,0.0552,10823,0,0.0663
Franklin,Moderate Income (81-120% AMI),2015,Owner,28675,5116,0.1814,0.0277,0.0,188255.5,0.0552,10680,0,0.1784
Franklin,Moderate Income (81-120% AMI),2015,Renter,27703,4945,0.1808,0.0257,780.5,0.0,0.0552,10270,0,0.1785
Franklin,Very Low Income (31-50% AMI),2015,Owner,28433,14535,0.5157,0.2457,0.0,188255.5,0.0552,9247,5288,0.5112
Franklin,Very Low Income (31-50% AMI),2015,Renter,29657,15018,0.5103,0.2455,780.5,0.0,0.0552,9583,5435,0.5064
Franklin,Extremely Low Income (<=30% AMI),2016,Owner,29119,19587,0.6771,0.4884,0.0,198589.0,0.0537,8427,11160,0.6727
Franklin,Extremely Low Income (<=30% AMI),2016,Renter,30824,20820,0.677,0.4868,810.5,0.0,0.0537,8900,11920,0.6754
Franklin,Low Income (51-80% AMI),2016,Owner,28588,9674,0.3408,0.0931,0.0,198589.0,0.0537,9685,681,0.3384
Franklin,Low Income (51-80% AMI),2016,Renter,27064,9071,0.3389,0.0938,810.5,0.0,0.0537,9276,457,0.3352
Franklin,Middle/Upper Income (>120% AMI),2016,Owner,30846,1944,0.0652,0.0151,0.0,198589.0,0.0537,11844,0,0.063
Franklin,Middle/Upper Income (>120% AMI),2016,Renter,30086,1888,0.0655,0.0141,810.5,0.0,0.0537,11619,0,0.0628
Franklin,Moderate Income (81-120% AMI),2016,Owner,27979,4915,0.1791,0.0268,0.0,198589.0,0.0537,10155,0,0.1757
Franklin,Moderate Income (81-120% AMI),2016,Renter,28191,5007,0.1789,0.0243,810.5,0.0,0.0537,10261,0,0.1776
Franklin,Very Low Income (31-50% AMI),2016,Owner,29009,14744,0.5124,0.2455,0.0,198589.0,0.0537,9114,5630,0.5083
Franklin,Very Low Income (31-50% AMI),2016,Renter,25877,13056,0.506,0.2442,810.5,0.0,0.0537,8023,5033,0.5045
Franklin,Extremely Low Income (<=30% AMI),2017,Owner,29087,19678,0.6786,0.4915,0.0,206414.5,0.0519,8328,11350,0.6765
Franklin,Extremely Low Income (<=30% AMI),2017,Renter,29726,20052,0.678,0.4893,854.0,0.0,0.0519,8453,11599,0.6746
Franklin,Low Income (51-80% AMI),2017,Owner,28166,9528,0.342,0.0946,0.0,206414.5,0.0519,9329,823,0.3383
Franklin,Low Income (51-80% AMI),2017,Renter,29435,9967,0.341,0.0958,854.0,0.0,0.0519,9708,818,0.3386
Franklin,Middle/Upper Income (>120% AMI),2017,Owner,28280,1614,0.06,0.015,0.0,206414.5,0.0519,10406,0,0.0571
Franklin,Middle/Upper Income (>120% AMI),2017,Renter,27420,1620,0.0633,0.0137,854.0,0.0,0.0519,10319,0,0.0591
Franklin,Moderate Income (81-120% AMI),2017,Owner,30648,5436,0.179,0.0256,0.0,206414.5,0.0519,10957,0,0.1774
Franklin,Moderate Income (81-120% AMI),2017,Renter,29587,5413,0.1836,0.0282,854.0,0.0,0.0519,10595,0,0.183
Franklin,Very Low Income (31-50% AMI),2017,Owner,28181,14244,0.5107,0.2438,0.0,206414.5,0.0519,8733,5511,0.5054
Franklin,Very Low Income (31-50% AMI),2017,Renter,30019,15184,0.5088,0.2422,854.0,0.0,0.0519,9312,5872,0.5058
Franklin,Extremely Low Income (<=30% AMI),2018,Owner,29612,20124,0.6816,0.4916,0.0,217244.5,0.0521,8262,11862,0.6796
Franklin,Extremely Low Income (<=30% AMI),2018,Renter,28562,19472,0.6823,0.4918,869.0,0.0,0.0521,8002,11470,0.6817
Franklin,Low Income (51-80% AMI),2018,Owner,29074,9715,0.3368,0.094,0.0,217244.5,0.0521,9332,884,0.3341
Franklin,Low Income (51-80% AMI),2018,Renter,29808,10005,0.3388,0.0937,869.0,0.0,0.0521,10217,626,0.3356
Franklin,Middle/Upper Income (>120% AMI),2018,Owner,28475,1842,0.0648,0.0137,0.0,217244.5,0.0521,10814,0,0.0647
Franklin,Middle/Upper Income (>120% AMI),2018,Renter,29595,1765,0.0622,0.0149,869.0,0.0,0.0521,11128,0,0.0596
Franklin,Moderate Income (81-120% AMI),2018,Owner,30182,5435,0.1813,0.0267,0.0,217244.5,0.0521,10865,0,0.1801
Franklin,Moderate Income (81-120% AMI),2018,Renter,31416,5623,0.1823,0.0241,869.0,0.0,0.0521,11174,0,0.179
Franklin,Very Low Income (31-50% AMI),2018,Owner,27660,14093,0.5117,0.2471,0.0,217244.5,0.0521,8234,5859,0.5095
Franklin,Very Low Income (31-50% AMI),2018,Renter,30737,15592,0.5091,0.2447,869.0,0.0,0.0521,9435,6157,0.5073
Franklin,Extremely Low Income (<=30% AMI),2019,Owner,30708,20764,0.6807,0.4908,0.0,223709.0,0.0525,8498,12266,0.6762
Franklin,Extremely Low Income (<=30% AMI),2019,Renter,29371,19974,0.6823,0.494,920.5,0.0,0.0525,8288,11686,0.6801
Franklin,Low Income (51-80% AMI),2019,Owner,28554,9713,0.3434,0.0947,0.0,223709.0,0.0525,9295,964,0.3402
Franklin,Low Income (51-80% AMI),2019,Renter,29074,9829,0.3403,0.099,920.5,0.0,0.0525,9493,830,0.3381
Franklin,Middle/Upper Income (>120% AMI),2019,Owner,28427,1825,0.0675,0.0159,0.0,223709.0,0.0525,10215,0,0.0642
Franklin,Middle/Upper Income (>120% AMI),2019,Renter,29387,1801,0.0635,0.0151,920.5,0.0,0.0525,10633,0,0.0613
Franklin,Moderate Income (81-120% AMI),2019,Owner,29465,5400,0.1848,0.0241,0.0,223709.0,0.0525,10045,0,0.1833
Franklin,Moderate Income (81-120% AMI),2019,Renter,26870,4790,0.181,0.0248,920.5,0.0,0.0525,9339,0,0.1783
Franklin,Very Low Income (31-50% AMI),2019,Owner,28001,14219,0.51,0.2474,0.0,223709.0,0.0525,8297,5922,0.5078
Franklin,Very Low Income (31-50% AMI),2019,Renter,28526,14524,0.5109,0.2465,920.5,0.0,0.0525,8413,6111,0.5091
Franklin,Extremely Low Income (<=30% AMI),2020,Owner,29759,20325,0.6837,0.4928,0.0,231440.0,0.0496,7885,12440,0.683
Franklin,Extremely Low Income (<=30% AMI),2020,Renter,29647,20217,0.6849,0.492,951.0,0.0,0.0496,7849,12368,0.6819
Franklin,Low Income (51-80% AMI),2020,Owner,28876,9686,0.3399,0.093,0.0,231440.0,0.0496,9324,874,0.3354
Franklin,Low Income (51-80% AMI),2020,Renter,28060,9428,0.3397,0.095,951.0,0.0,0.0496,8901,973,0.336
Franklin,Middle/Upper Income (>120% AMI),2020,Owner,28678,2013,0.07,0.0151,0.0,231440.0,0.0496,10319,0,0.0702
Franklin,Middle/Upper Income (>120% AMI),2020,Renter,28912,1754,0.0619,0.0157,951.0,0.0,0.0496,10336,0,0.0607
Franklin,Moderate Income (81-120% AMI),2020,Owner,29689,5246,0.1791,0.027,0.0,231440.0,0.0496,10285,0,0.1767
Franklin,Moderate Income (81-120% AMI),2020,Renter,29120,5169,0.1784,0.0258,951.0,0.0,0.0496,9833,4,0.1775
Franklin,Very Low Income (31-50% AMI),2020,Owner,29868,15130,0.5092,0.2446,0.0,231440.0,0.0496,8633,6497,0.5066
Franklin,Very Low Income (31-50% AMI),2020,Renter,29746,15119,0.5112,0.2486,951.0,0.0,0.0496,8698,6421,0.5083
Franklin,Extremely Low Income (<=30% AMI),2021,Owner,29024,19892,0.6877,0.4965,0.0,239840.5,0.0494,7560,12332,0.6854
Franklin,Extremely Low Income (<=30% AMI),2021,Renter,29152,19999,0.6896,0.4962,985.5,0.0,0.0494,7693,12306,0.686
Franklin,Low Income (51-80% AMI),2021,Owner,30249,10215,0.3383,0.0945,0.0,239840.5,0.0494,9234,1273,0.3377
Franklin,Low Income (51-80% AMI),2021,Renter,27613,9399,0.3423,0.0966,985.5,0.0,0.0494,8670,1042,0.3404
Franklin,Middle/Upper Income (>120% AMI),2021,Owner,29582,1919,0.0685,0.0144,0.0,239840.5,0.0494,10204,0,0.0649
Franklin,Middle/Upper Income (>120% AMI),2021,Renter,28943,1978,0.0686,0.0159,985.5,0.0,0.0494,10247,0,0.0683
Franklin,Moderate Income (81-120% AMI),2021,Owner,29939,5328,0.1809,0.0257,0.0,239840.5,0.0494,10052,5,0.178
Franklin,Moderate Income (81-120% AMI),2021,Renter,28949,5145,0.1795,0.0269,985.5,0.0,0.0494,9816,0,0.1777
Franklin,Very Low Income (31-50% AMI),2021,Owner,29599,14924,0.5074,0.242,0.0,239840.5,0.0494,8518,6406,0.5042
Franklin,Very Low Income (31-50% AMI),2021,Renter,28795,14540,0.507,0.2453,985.5,0.0,0.0494,8325,6215,0.5049
Franklin,Extremely Low Income (<=30% AMI),2022,Owner,29533,20340,0.6894,0.4931,0.0,248298.5,0.0469,7502,12838,0.6887
Franklin,Extremely Low Income (<=30% AMI),2022,Renter,29874,20593,0.6922,0.5003,1049.0,0.0,0.0469,7638,12955,0.6893
Franklin,Low Income (51-80% AMI),2022,Owner,29873,9996,0.339,0.0912,0.0,248298.5,0.0469,9197,1236,0.3346
Franklin,Low Income (51-80% AMI),2022,Renter,29627,9958,0.3387,0.0975,1049.0,0.0,0.0469,9267,1083,0.3361
Franklin,Middle/Upper Income (>120% AMI),2022,Owner,30478,1899,0.0648,0.0147,0.0,248298.5,0.0469,10773,0,0.0623
Franklin,Middle/Upper Income (>120% AMI),2022,Renter,28356,1783,0.066,0.0149,1049.0,0.0,0.0469,10020,0,0.0629
Franklin,Moderate Income (81-120% AMI),2022,Owner,29583,5374,0.1827,0.0283,0.0,248298.5,0.0469,9866,0,0.1817
Franklin,Moderate Income (81-120% AMI),2022,Renter,28177,4948,0.1805,0.0265,1049.0,0.0,0.0469,9312,0,0.1756
Franklin,Very Low Income (31-50% AMI),2022,Owner,29087,14757,0.5103,0.2434,0.0,248298.5,0.0469,8272,6485,0.5073
Franklin,Very Low Income (31-50% AMI),2022,Renter,29297,14816,0.5092,0.2461,1049.0,0.0,0.0469,8255,6561,0.5057
Franklin,Extremely Low Income (<=30% AMI),2023,Owner,29412,20352,0.6939,0.5016,0.0,256787.5,0.0471,7167,13185,0.692
Franklin,Extremely Low Income (<=30% AMI),2023,Renter,28253,19444,0.6914,0.4978,1074.0,0.0,0.0471,7101,12343,0.6882
Franklin,Low Income (51-80% AMI),2023,Owner,29217,9927,0.3429,0.098,0.0,256787.5,0.0471,8758,1486,0.3398
Franklin,Low Income (51-80% AMI),2023,Renter,30364,10237,0.3413,0.0947,1074.0,0.0,0.0471,9274,1273,0.3371
Franklin,Middle/Upper Income (>120% AMI),2023,Owner,29225,1927,0.0684,0.0133,0.0,256787.5,0.0471,10220,0,0.0659
Franklin,Middle/Upper Income (>120% AMI),2023,Renter,29867,1836,0.0635,0.0138,1074.0,0.0,0.0471,10144,0,0.0615
Franklin,Moderate Income (81-120% AMI),2023,Owner,27619,4886,0.1787,0.0246,0.0,256787.5,0.0471,9055,11,0.1769
Franklin,Moderate Income (81-120% AMI),2023,Renter,29441,5043,0.1748,0.0255,1074.0,0.0,0.0471,9560,7,0.1713
Franklin,Very Low Income (31-50% AMI),2023,Owner,28245,14343,0.5113,0.2462,0.0,256787.5,0.0471,7952,6391,0.5078
Franklin,Very Low Income (31-50% AMI),2023,Renter,28527,14654,0.5137,0.2444,1074.0,0.0,0.0471,8248,6406,0.5137
Franklin,Extremely Low Income (<=30% AMI),2024,Owner,28515,19812,0.698,0.5013,0.0,272314.5,0.0474,7056,12756,0.6948
Franklin,Extremely Low Income (<=30% AMI),2024,Renter,29036,20080,0.6933,0.4972,1132.5,0.0,0.0474,6924,13156,0.6916
Franklin,Low Income (51-80% AMI),2024,Owner,27908,9362,0.3395,0.0932,0.0,272314.5,0.0474,8335,1232,0.3355
Franklin,Low Income (51-80% AMI),2024,Renter,29050,9760,0.3368,0.0925,1132.5,0.0,0.0474,8793,1337,0.336
Franklin,Middle/Upper Income (>120% AMI),2024,Owner,28633,1728,0.0642,0.016,0.0,272314.5,0.0474,9758,0,0.0603
Franklin,Middle/Upper Income (>120% AMI),2024,Renter,29492,1961,0.0673,0.0148,1132.5,0.0,0.0474,10087,0,0.0665
Franklin,Moderate Income (81-120% AMI),2024,Owner,28506,5096,0.1836,0.0276,0.0,272314.5,0.0474,9245,5,0.1788
Franklin,Moderate Income (81-120% AMI),2024,Renter,27503,5011,0.1826,0.0226,1132.5,0.0,0.0474,8894,3,0.1822
Franklin,Very Low Income (31-50% AMI),2024,Owner,28798,14642,0.5104,0.2455,0.0,272314.5,0.0474,7887,6755,0.5084
Franklin,Very Low Income (31-50% AMI),2024,Renter,30060,15330,0.5118,0.2462,1132.5,0.0,0.0474,8019,7311,0.51
Harnett,Extremely Low Income (<=30% AMI),2015,Owner,30768,20628,0.6714,0.4833,0.0,183397.0,0.0548,9265,11363,0.6704
Harnett,Extremely Low Income (<=30% AMI),2015,Renter,29726,19834,0.671,0.4867,773.5,0.0,0.0548,8704,11130,0.6672
Harnett,Low Income (51-80% AMI),2015,Owner,30136,10139,0.3385,0.0933,0.0,183397.0,0.0548,10437,541,0.3364
Harnett,Low Income (51-80% AMI),2015,Renter,29827,9989,0.3378,0.0928,773.5,0.0,0.0548,10261,516,0.3349
Harnett,Middle/Upper Income (>120% AMI),2015,Owner,29598,1848,0.0651,0.0142,0.0,183397.0,0.0548,11585,0,0.0624
Harnett,Middle/Upper Income (>120% AMI),2015,Renter,29422,1906,0.0669,0.0138,773.5,0.0,0.0548,11583,0,0.0648
Harnett,Moderate Income (81-120% AMI),2015,Owner,29755,5263,0.1794,0.0251,0.0,183397.0,0.0548,11070,0,0.1769
Harnett,Moderate Income (81-120% AMI),2015,Renter,27653,5007,0.185,0.0265,773.5,0.0,0.0548,9981,0,0.1811
Harnett,Very Low Income (31-50% AMI),2015,Owner,29917,15202,0.5103,0.2454,0.0,183397.0,0.0548,9560,5642,0.5081
Harnett,Very Low Income (31-50% AMI),2015,Renter,30302,15464,0.5129,0.2469,773.5,0.0,0.0548,9636,5828,0.5103
Harnett,Extremely Low Income (<=30% AMI),2016,Owner,27215,18197,0.6726,0.4848,0.0,193452.0,0.0545,7851,10346,0.6686
Harnett,Extremely Low Income (<=30% AMI),2016,Renter,30723,20706,0.6773,0.4888,817.5,0.0,0.0545,9107,11599,0.674
Harnett,Low Income (51-80% AMI),2016,Owner,29838,10117,0.3424,0.0949,0.0,193452.0,0.0545,10249,629,0.3391
Harnett,Low Income (51-80% AMI),2016,Renter,30628,10342,0.3396,0.0973,817.5,0.0,0.0545,10465,736,0.3377
Harnett,Middle/Upper Income (>120% AMI),2016,Owner,28445,1822,0.0669,0.0157,0.0,193452.0,0.0545,10928,0,0.0641
Harnett,Middle/Upper Income (>120% AMI),2016,Renter,28177,1692,0.0633,0.0148,817.5,0.0,0.0545,10752,0,0.06
Harnett,Moderate Income (81-120% AMI),2016,Owner,30692,5536,0.1813,0.026,0.0,193452.0,0.0545,11344,0,0.1804
Harnett,Moderate Income (81-120% AMI),2016,Renter,29166,5149,0.1784,0.0269,817.5,0.0,0.0545,10636,0,0.1765
Harnett,Very Low Income (31-50% AMI),2016,Owner,30814,15570,0.5099,0.2453,0.0,193452.0,0.0545,9625,5945,0.5053
Harnett,Very Low Income (31-50% AMI),2016,Renter,29574,15004,0.5071,0.2415,817.5,0.0,0.0545,9440,5564,0.5073
Harnett,Extremely Low Income (<=30% AMI),2017,Owner,28511,19381,0.6826,0.4922,0.0,200933.0,0.0531,7918,11463,0.6798
Harnett,Extremely Low Income (<=30% AMI),2017,Renter,29550,20023,0.6779,0.4885,834.5,0.0,0.0531,8238,11785,0.6776
Harnett,Low Income (51-80% AMI),2017,Owner,28794,9594,0.3347,0.0929,0.0,200933.0,0.0531,9865,585,0.3332
Harnett,Low Income (51-80% AMI),2017,Renter,28858,9712,0.3391,0.0943,834.5,0.0,0.0531,9822,632,0.3365
Harnett,Middle/Upper Income (>120% AMI),2017,Owner,30026,1646,0.0583,0.014,0.0,200933.0,0.0531,11241,0,0.0548
Harnett,Middle/Upper Income (>120% AMI),2017,Renter,28788,1655,0.0618,0.0152,834.5,0.0,0.0531,10876,0,0.0575
Harnett,Moderate Income (81-120% AMI),2017,Owner,29274,5106,0.1785,0.0255,0.0,200933.0,0.0531,10563,0,0.1744
Harnett,Moderate Income (81-120% AMI),2017,Renter,27994,4950,0.179,0.0232,834.5,0.0,0.0531,9923,0,0.1768
Harnett,Very Low Income (31-50% AMI),2017,Owner,29547,15004,0.5098,0.2438,0.0,200933.0,0.0531,9155,5849,0.5078
Harnett,Very Low Income (31-50% AMI),2017,Renter,31402,15862,0.5095,0.2427,834.5,0.0,0.0531,9733,6129,0.5051
Harnett,Extremely Low Income (<=30% AMI),2018,Owner,28553,19381,0.6791,0.4902,0.0,205178.5,0.0533,8050,11331,0.6788
Harnett,Extremely Low Income (<=30% AMI),2018,Renter,30481,20566,0.6756,0.4855,869.0,0.0,0.0533,8306,12260,0.6747
Harnett,Low Income (51-80% AMI),2018,Owner,29499,9934,0.339,0.0925,0.0,205178.5,0.0533,9664,793,0.3368
Harnett,Low Income (51-80% AMI),2018,Renter,26485,8852,0.3374,0.0955,869.0,0.0,0.0533,8791,583,0.3342
Harnett,Middle/Upper Income (>120% AMI),2018,Owner,29027,1912,0.0683,0.0144,0.0,205178.5,0.0533,10651,0,0.0659
Harnett,Middle/Upper Income (>120% AMI),2018,Renter,29541,1856,0.0636,0.0151,869.0,0.0,0.0533,10729,0,0.0628
Harnett,Moderate Income (81-120% AMI),2018,Owner,28239,5012,0.1815,0.025,0.0,205178.5,0.0533,10095,0,0.1775
Harnett,Moderate Income (81-120% AMI),2018,Renter,28781,5075,0.1777,0.0242,869.0,0.0,0.0533,10272,0,0.1763
Harnett,Very Low Income (31-50% AMI),2018,Owner,28572,14463,0.5081,0.2422,0.0,205178.5,0.0533,8709,5754,0.5062
Harnett,Very Low Income (31-50% AMI),2018,Renter,28257,14360,0.511,0.2463,869.0,0.0,0.0533,8509,5851,0.5082
Harnett,Extremely Low Income (<=30% AMI),2019,Owner,25150,17152,0.6841,0.4903,0.0,211620.5,0.0519,7112,10040,0.682
Harnett,Extremely Low Income (<=30% AMI),2019,Renter,29870,20325,0.683,0.4915,920.0,0.0,0.0519,8160,12165,0.6804
Harnett,Low Income (51-80% AMI),2019,Owner,29244,9869,0.3408,0.0947,0.0,211620.5,0.0519,9186,1017,0.3375
Harnett,Low Income (51-80% AMI),2019,Renter,28644,9822,0.3427,0.0939,920.0,0.0,0.0519,9274,1029,0.3429
Harnett,Middle/Upper Income (>120% AMI),2019,Owner,29380,1943,0.0688,0.0141,0.0,211620.5,0.0519,10939,0,0.0661
Harnett,Middle/Upper Income (>120% AMI),2019,Renter,29353,1870,0.0656,0.0147,920.0,0.0,0.0519,10889,0,0.0637
Harnett,Moderate Income (81-120% AMI),2019,Owner,30298,5473,0.1832,0.0251,0.0,211620.5,0.0519,10574,0,0.1806
Harnett,Moderate Income (81-120% AMI),2019,Renter,29093,5159,0.1803,0.0271,920.0,0.0,0.0519,9954,0,0.1773
Harnett,Very Low Income (31-50% AMI),2019,Owner,27246,13909,0.5127,0.2455,0.0,211620.5,0.0519,8239,5670,0.5105
Harnett,Very Low Income (31-50% AMI),2019,Renter,30326,15373,0.5091,0.2431,920.0,0.0,0.0519,8704,6669,0.5069
Harnett,Extremely Low Income (<=30% AMI),2020,Owner,28894,19826,0.6885,0.4933,0.0,219937.0,0.0505,7543,12283,0.6862
Harnett,Extremely Low Income (<=30% AMI),2020,Renter,27721,18996,0.6895,0.4952,929.5,0.0,0.0505,7619,11377,0.6853
Harnett,Low Income (51-80% AMI),2020,Owner,28321,9442,0.3353,0.0915,0.0,219937.0,0.0505,9065,855,0.3334
Harnett,Low Income (51-80% AMI),2020,Renter,29916,10082,0.3406,0.0948,929.5,0.0,0.0505,9624,1033,0.337
Harnett,Middle/Upper Income (>120% AMI),2020,Owner,28764,1819,0.0648,0.0144,0.0,219937.0,0.0505,10389,0,0.0632
Harnett,Middle/Upper Income (>120% AMI),2020,Renter,29015,1706,0.0628,0.0143,929.5,0.0,0.0505,10613,0,0.0588
Harnett,Moderate Income (81-120% AMI),2020,Owner,29384,5268,0.1822,0.0245,0.0,219937.0,0.0505,10199,0,0.1793
Harnett,Moderate Income (81-120% AMI),2020,Renter,29340,5178,0.179,0.0245,929.5,0.0,0.0505,10066,0,0.1765
Harnett,Very Low Income (31-50% AMI),2020,Owner,27586,14019,0.512,0.2439,0.0,219937.0,0.0505,7887,6132,0.5082
Harnett,Very Low Income (31-50% AMI),2020,Renter,28758,14532,0.5102,0.2437,929.5,0.0,0.0505,8507,6025,0.5053
Harnett,Extremely Low Income (<=30% AMI),2021,Owner,29118,19911,0.6889,0.4982,0.0,236125.5,0.0516,7709,12202,0.6838
Harnett,Extremely Low Income (<=30% AMI),2021,Renter,27339,18757,0.6883,0.4959,980.0,0.0,0.0516,7365,11392,0.6861
Harnett,Low Income (51-80% AMI),2021,Owner,29209,9912,0.3397,0.0936,0.0,236125.5,0.0516,9231,1030,0.3393
Harnett,Low Income (51-80% AMI),2021,Renter,30131,10137,0.3394,0.0945,980.0,0.0,0.0516,9394,1198,0.3364
Harnett,Middle/Upper Income (>120% AMI),2021,Owner,28927,1842,0.0628,0.0135,0.0,236125.5,0.0516,10217,0,0.0637
Harnett,Middle/Upper Income (>120% AMI),2021,Renter,29233,1805,0.0646,0.0141,980.0,0.0,0.0516,10227,0,0.0617
Harnett,Moderate Income (81-120% AMI),2021,Owner,29738,5180,0.1784,0.027,0.0,236125.5,0.0516,9973,0,0.1742
Harnett,Moderate Income (81-120% AMI),2021,Renter,28774,5053,0.1795,0.025,980.0,0.0,0.0516,9630,1,0.1756
Harnett,Very Low Income (31-50% AMI),2021,Owner,29565,14958,0.5087,0.2402,0.0,236125.5,0.0516,8583,6375,0.5059
Harnett,Very Low Income (31-50% AMI),2021,Renter,27754,14238,0.5125,0.2479,980.0,0.0,0.0516,7763,6475,0.513
Harnett,Extremely Low Income (<=30% AMI),2022,Owner,29246,20040,0.6888,0.4937,0.0,242519.0,0.0474,7449,12591,0.6852
Harnett,Extremely Low Income (<=30% AMI),2022,Renter,30017,20598,0.6875,0.4939,1016.5,0.0,0.0474,7906,12692,0.6862
Harnett,Low Income (51-80% AMI),2022,Owner,29831,10060,0.3395,0.0956,0.0,242519.0,0.0474,9311,1208,0.3372
Harnett,Low Income (51-80% AMI),2022,Renter,30108,10122,0.3396,0.0965,1016.5,0.0,0.0474,9108,1365,0.3362
Harnett,Middle/Upper Income (>120% AMI),2022,Owner,30558,2032,0.069,0.0155,0.0,242519.0,0.0474,10728,0,0.0665
Harnett,Middle/Upper Income (>120% AMI),2022,Renter,27600,1660,0.0625,0.0153,1016.5,0.0,0.0474,9822,0,0.0601
Harnett,Moderate Income (81-120% AMI),2022,Owner,30152,5288,0.1782,0.0256,0.0,242519.0,0.0474,10098,0,0.1754
Harnett,Moderate Income (81-120% AMI),2022,Renter,29390,5086,0.1754,0.0237,1016.5,0.0,0.0474,9636,0,0.1731
Harnett,Very Low Income (31-50% AMI),2022,Owner,30348,15421,0.5107,0.2444,0.0,242519.0,0.0474,8442,6979,0.5081
Harnett,Very Low Income (31-50% AMI),2022,Renter,29020,14712,0.512,0.2437,1016.5,0.0,0.0474,8111,6601,0.507
Harnett,Extremely Low Income (<=30% AMI),2023,Owner,29350,20266,0.6928,0.4975,0.0,247469.5,0.0482,7289,12977,0.6905
Harnett,Extremely Low Income (<=30% AMI),2023,Renter,28155,19315,0.6894,0.4982,1048.5,0.0,0.0482,7015,12300,0.686
Harnett,Low Income (51-80% AMI),2023,Owner,28390,9548,0.3402,0.0981,0.0,247469.5,0.0482,8514,1229,0.3363
Harnett,Low Income (51-80% AMI),2023,Renter,28836,9630,0.3361,0.0917,1048.5,0.0,0.0482,8565,1324,0.334
Harnett,Middle/Upper Income (>120% AMI),2023,Owner,29557,1821,0.0639,0.0153,0.0,247469.5,0.0482,10084,0,0.0616
Harnett,Middle/Upper Income (>120% AMI),2023,Renter,28850,1898,0.0687,0.0156,1048.5,0.0,0.0482,9849,0,0.0658
Harnett,Moderate Income (81-120% AMI),2023,Owner,29646,5282,0.1789,0.0245,0.0,247469.5,0.0482,9759,10,0.1782
Harnett,Moderate Income (81-120% AMI),2023,Renter,27606,4808,0.1775,0.0245,1048.5,0.0,0.0482,9118,0,0.1742
Harnett,Very Low Income (31-50% AMI),2023,Owner,29133,14751,0.5085,0.2442,0.0,247469.5,0.0482,7985,6766,0.5063
Harnett,Very Low Income (31-50% AMI),2023,Renter,29592,15055,0.5104,0.2473,1048.5,0.0,0.0482,8282,6773,0.5088
Harnett,Extremely Low Income (<=30% AMI),2024,Owner,30023,20785,0.6949,0.5013,0.0,252055.5,0.0447,7423,13362,0.6923
Harnett,Extremely Low Income (<=30% AMI),2024,Renter,28311,19628,0.6971,0.5003,1097.0,0.0,0.0447,7013,12615,0.6933
Harnett,Low Income (51-80% AMI),2024,Owner,30159,10106,0.3376,0.0959,0.0,252055.5,0.0447,8970,1362,0.3351
Harnett,Low Income (51-80% AMI),2024,Renter,30072,10102,0.3391,0.0955,1097.0,0.0,0.0447,9095,1327,0.3359
Harnett,Middle/Upper Income (>120% AMI),2024,Owner,29395,1947,0.0696,0.0134,0.0,252055.5,0.0447,9980,0,0.0662
Harnett,Middle/Upper Income (>120% AMI),2024,Renter,27707,1694,0.0656,0.0148,1097.0,0.0,0.0447,9331,0,0.0611
Harnett,Moderate Income (81-120% AMI),2024,Owner,27351,4794,0.1777,0.0236,0.0,252055.5,0.0447,8716,0,0.1753
Harnett,Moderate Income (81-120% AMI),2024,Renter,28740,5072,0.1788,0.0232,1097.0,0.0,0.0447,9193,1,0.1765
Harnett,Very Low Income (31-50% AMI),2024,Owner,27478,13875,0.5087,0.2433,0.0,252055.5,0.0447,7557,6318,0.5049
Harnett,Very Low Income (31-50% AMI),2024,Renter,31398,15889,0.5101,0.246,1097.0,0.0,0.0447,8659,7230,0.5061
Johnston,Extremely Low Income (<=30% AMI),2015,Owner,30048,20166,0.6732,0.4831,0.0,210653.5,0.0549,8860,11306,0.6711
Johnston,Extremely Low Income (<=30% AMI),2015,Renter,27703,18525,0.6713,0.4793,855.0,0.0,0.0549,8222,10303,0.6687
Johnston,Low Income (51-80% AMI),2015,Owner,29457,9898,0.339,0.0961,0.0,210653.5,0.0549,10221,479,0.336
Johnston,Low Income (51-80% AMI),2015,Renter,29047,9929,0.3441,0.0969,855.0,0.0,0.0549,10291,522,0.3418
Johnston,Middle/Upper Income (>120% AMI),2015,Owner,30250,2003,0.0691,0.0151,0.0,210653.5,0.0549,11750,0,0.0662
Johnston,Middle/Upper Income (>120% AMI),2015,Renter,27889,1741,0.0655,0.0163,855.0,0.0,0.0549,10910,0,0.0624
Johnston,Moderate Income (81-120% AMI),2015,Owner,26401,4671,0.1799,0.0234,0.0,210653.5,0.0549,9768,0,0.1769
Johnston,Moderate Income (81-120% AMI),2015,Renter,27277,4828,0.1805,0.0263,855.0,0.0,0.0549,10207,0,0.177
Johnston,Very Low Income (31-50% AMI),2015,Owner,28760,14530,0.5077,0.2427,0.0,210653.5,0.0549,9142,5388,0.5052
Johnston,Very Low Income (31-50% AMI),2015,Renter,27809,14000,0.5072,0.2418,855.0,0.0,0.0549,9168,4832,0.5034
Johnston,Extremely Low Income (<=30% AMI),2016,Owner,30079,20369,0.6764,0.4885,0.0,224200.0,0.0563,8474,11895,0.6772
Johnston,Extremely Low Income (<=30% AMI),2016,Renter,29537,19885,0.6781,0.4878,882.0,0.0,0.0563,8314,11571,0.6732
Johnston,Low Income (51-80% AMI),2016,Owner,28968,9675,0.3371,0.0954,0.0,224200.0,0.0563,9918,606,0.334
Johnston,Low Income (51-80% AMI),2016,Renter,27398,9277,0.3414,0.0952,882.0,0.0,0.0563,9352,604,0.3386
Johnston,Middle/Upper Income (>120% AMI),2016,Owner,29861,1942,0.0677,0.0143,0.0,224200.0,0.0563,11453,0,0.065
Johnston,Middle/Upper Income (>120% AMI),2016,Renter,27843,1795,0.0662,0.0144,882.0,0.0,0.0563,10911,0,0.0645
Johnston,Moderate Income (81-120% AMI),2016,Owner,29194,5227,0.181,0.0242,0.0,224200.0,0.0563,10911,0,0.179
Johnston,Moderate Income (81-120% AMI),2016,Renter,27575,4901,0.1803,0.027,882.0,0.0,0.0563,9993,0,0.1777
Johnston,Very Low Income (31-50% AMI),2016,Owner,28642,14493,0.5101,0.2453,0.0,224200.0,0.0563,8999,5494,0.506
Johnston,Very Low Income (31-50% AMI),2016,Renter,27620,14074,0.5129,0.2488,882.0,0.0,0.0563,8898,5176,0.5096
Johnston,Extremely Low Income (<=30% AMI),2017,Owner,29573,19914,0.6761,0.4866,0.0,228765.0,0.0527,8294,11620,0.6734
Johnston,Extremely Low Income (<=30% AMI),2017,Renter,28655,19523,0.6843,0.4899,926.5,0.0,0.0527,8262,11261,0.6813
Johnston,Low Income (51-80% AMI),2017,Owner,27326,9200,0.3398,0.0945,0.0,228765.0,0.0527,9311,592,0.3367
Johnston,Low Income (51-80% AMI),2017,Renter,30091,10102,0.3381,0.0971,926.5,0.0,0.0527,9974,767,0.3357
Johnston,Middle/Upper Income (>120% AMI),2017,Owner,28200,1733,0.0637,0.0154,0.0,228765.0,0.0527,10564,0,0.0615
Johnston,Middle/Upper Income (>120% AMI),2017,Renter,30588,2048,0.0692,0.0147,926.5,0.0,0.0527,11679,0,0.067
Johnston,Moderate Income (81-120% AMI),2017,Owner,29522,5245,0.1798,0.025,0.0,228765.0,0.0527,10443,0,0.1777
Johnston,Moderate Income (81-120% AMI),2017,Renter,30480,5427,0.1815,0.024,926.5,0.0,0.0527,10953,0,0.1781
Johnston,Very Low Income (31-50% AMI),2017,Owner,27971,14213,0.5113,0.2459,0.0,228765.0,0.0527,8711,5502,0.5081
Johnston,Very Low Income (31-50% AMI),2017,Renter,28462,14403,0.51,0.247,926.5,0.0,0.0527,8893,5510,0.506
Johnston,Extremely Low Income (<=30% AMI),2018,Owner,31249,21258,0.6829,0.4946,0.0,241160.0,0.0522,8758,12500,0.6803
Johnston,Extremely Low Income (<=30% AMI),2018,Renter,29672,20186,0.6843,0.4928,969.5,0.0,0.0522,8273,11913,0.6803
Johnston,Low Income (51-80% AMI),2018,Owner,27210,9234,0.3422,0.096,0.0,241160.0,0.0522,8849,816,0.3394
Johnston,Low Income (51-80% AMI),2018,Renter,27617,9359,0.3399,0.0943,969.5,0.0,0.0522,9050,794,0.3389
Johnston,Middle/Upper Income (>120% AMI),2018,Owner,29178,1908,0.066,0.0147,0.0,241160.0,0.0522,10840,0,0.0654
Johnston,Middle/Upper Income (>120% AMI),2018,Renter,30737,1923,0.0651,0.0156,969.5,0.0,0.0522,11266,0,0.0626
Johnston,Moderate Income (81-120% AMI),2018,Owner,29687,5310,0.1801,0.0251,0.0,241160.0,0.0522,10708,0,0.1789
Johnston,Moderate Income (81-120% AMI),2018,Renter,29919,5466,0.182,0.025,969.5,0.0,0.0522,10549,0,0.1827
Johnston,Very Low Income (31-50% AMI),2018,Owner,28815,14549,0.5077,0.2418,0.0,241160.0,0.0522,8964,5585,0.5049
Johnston,Very Low Income (31-50% AMI),2018,Renter,27688,14012,0.5088,0.2454,969.5,0.0,0.0522,8444,5568,0.5061
Johnston,Extremely Low Income (<=30% AMI),2019,Owner,28300,19303,0.6813,0.4902,0.0,251693.0,0.0525,7736,11567,0.6821
Johnston,Extremely Low Income (<=30% AMI),2019,Renter,29193,19857,0.6828,0.4907,1010.0,0.0,0.0525,7957,11900,0.6802
Johnston,Low Income (51-80% AMI),2019,Owner,30745,10485,0.3417,0.0952,0.0,251693.0,0.0525,9861,1047,0.341
Johnston,Low Income (51-80% AMI),2019,Renter,29456,10042,0.3403,0.0928,1010.0,0.0,0.0525,9519,921,0.3409
Johnston,Middle/Upper Income (>120% AMI),2019,Owner,29224,1965,0.068,0.0156,0.0,251693.0,0.0525,10586,0,0.0672
Johnston,Middle/Upper Income (>120% AMI),2019,Renter,29964,1828,0.0644,0.0142,1010.0,0.0,0.0525,11054,0,0.061
Johnston,Moderate Income (81-120% AMI),2019,Owner,30968,5530,0.1789,0.0254,0.0,251693.0,0.0525,10713,0,0.1786
Johnston,Moderate Income (81-120% AMI),2019,Renter,31888,5660,0.1797,0.0228,1010.0,0.0,0.0525,11053,0,0.1775
Johnston,Very Low Income (31-50% AMI),2019,Owner,28770,14657,0.5108,0.2439,0.0,251693.0,0.0525,8428,6229,0.5095
Johnston,Very Low Income (31-50% AMI),2019,Renter,29298,14875,0.5095,0.2448,1010.0,0.0,0.0525,8619,6256,0.5077
Johnston,Extremely Low Income (<=30% AMI),2020,Owner,30862,21100,0.6863,0.4952,0.0,266276.5,0.0511,8069,13031,0.6837
Johnston,Extremely Low Income (<=30% AMI),2020,Renter,29326,20141,0.6887,0.4947,1051.5,0.0,0.0511,7912,12229,0.6868
Johnston,Low Income (51-80% AMI),2020,Owner,28731,9624,0.3375,0.0971,0.0,266276.5,0.0511,9162,854,0.335
Johnston,Low Income (51-80% AMI),2020,Renter,29582,9923,0.3394,0.0963,1051.5,0.0,0.0511,9334,1085,0.3354
Johnston,Middle/Upper Income (>120% AMI),2020,Owner,28888,1848,0.066,0.0144,0.0,266276.5,0.0511,10354,0,0.064
Johnston,Middle/Upper Income (>120% AMI),2020,Renter,30578,1877,0.0639,0.0145,1051.5,0.0,0.0511,10899,0,0.0614
Johnston,Moderate Income (81-120% AMI),2020,Owner,27304,4951,0.1831,0.0262,0.0,266276.5,0.0511,9293,3,0.1813
Johnston,Moderate Income (81-120% AMI),2020,Renter,31547,5673,0.1821,0.0246,1051.5,0.0,0.0511,10934,0,0.1798
Johnston,Very Low Income (31-50% AMI),2020,Owner,27316,13915,0.5121,0.2445,0.0,266276.5,0.0511,7982,5933,0.5094
Johnston,Very Low Income (31-50% AMI),2020,Renter,30214,15263,0.5066,0.2441,1051.5,0.0,0.0511,8826,6437,0.5052
Johnston,Extremely Low Income (<=30% AMI),2021,Owner,29338,20124,0.6867,0.4962,0.0,273808.5,0.0524,7745,12379,0.6859
Johnston,Extremely Low Income (<=30% AMI),2021,Renter,29406,20157,0.6887,0.4958,1127.0,0.0,0.0524,7470,12687,0.6855
Johnston,Low Income (51-80% AMI),2021,Owner,29948,10193,0.342,0.0965,0.0,273808.5,0.0524,9406,1117,0.3404
Johnston,Low Income (51-80% AMI),2021,Renter,27793,9448,0.3418,0.0955,1127.0,0.0,0.0524,8672,1079,0.3399
Johnston,Middle/Upper Income (>120% AMI),2021,Owner,28650,1819,0.0646,0.0144,0.0,273808.5,0.0524,10086,0,0.0635
Johnston,Middle/Upper Income (>120% AMI),2021,Renter,26565,1552,0.063,0.014,1127.0,0.0,0.0524,9627,0,0.0584
Johnston,Moderate Income (81-120% AMI),2021,Owner,28241,4953,0.1797,0.0245,0.0,273808.5,0.0524,9535,0,0.1754
Johnston,Moderate Income (81-120% AMI),2021,Renter,29474,5275,0.183,0.025,1127.0,0.0,0.0524,10029,3,0.179
Johnston,Very Low Income (31-50% AMI),2021,Owner,28994,14790,0.5104,0.2442,0.0,273808.5,0.0524,8409,6381,0.5101
Johnston,Very Low Income (31-50% AMI),2021,Renter,27619,13914,0.5077,0.2455,1127.0,0.0,0.0524,7728,6186,0.5038
Johnston,Extremely Low Income (<=30% AMI),2022,Owner,28531,19583,0.6884,0.4915,0.0,284463.0,0.0488,7430,12153,0.6864
Johnston,Extremely Low Income (<=30% AMI),2022,Renter,30354,20879,0.6909,0.4965,1155.5,0.0,0.0488,7769,13110,0.6879
Johnston,Low Income (51-80% AMI),2022,Owner,29024,9856,0.3431,0.095,0.0,284463.0,0.0488,8875,1234,0.3396
Johnston,Low Income (51-80% AMI),2022,Renter,30265,10294,0.3408,0.0968,1155.5,0.0,0.0488,9312,1261,0.3401
Johnston,Middle/Upper Income (>120% AMI),2022,Owner,29906,1914,0.0669,0.0149,0.0,284463.0,0.0488,10408,0,0.064
Johnston,Middle/Upper Income (>120% AMI),2022,Renter,29759,1875,0.0661,0.014,1155.5,0.0,0.0488,10350,0,0.063
Johnston,Moderate Income (81-120% AMI),2022,Owner,28605,5197,0.1833,0.0263,0.0,284463.0,0.0488,9477,0,0.1817
Johnston,Moderate Income (81-120% AMI),2022,Renter,29630,5286,0.1848,0.0237,1155.5,0.0,0.0488,9947,0,0.1784
Johnston,Very Low Income (31-50% AMI),2022,Owner,28950,14703,0.5104,0.2462,0.0,284463.0,0.0488,8158,6545,0.5079
Johnston,Very Low Income (31-50% AMI),2022,Renter,30145,15185,0.5068,0.2426,1155.5,0.0,0.0488,8537,6648,0.5037
Johnston,Extremely Low Income (<=30% AMI),2023,Owner,29242,20081,0.6901,0.4959,0.0,302634.0,0.0477,7398,12683,0.6867
Johnston,Extremely Low Income (<=30% AMI),2023,Renter,29665,20510,0.6929,0.5005,1206.5,0.0,0.0477,7260,13250,0.6914
Johnston,Low Income (51-80% AMI),2023,Owner,27537,9216,0.3384,0.0935,0.0,302634.0,0.0477,8400,1118,0.3347
Johnston,Low Income (51-80% AMI),2023,Renter,27299,9310,0.3427,0.0934,1206.5,0.0,0.0477,8306,1285,0.341
Johnston,Middle/Upper Income (>120% AMI),2023,Owner,28888,1904,0.067,0.0146,0.0,302634.0,0.0477,9715,0,0.0659
Johnston,Middle/Upper Income (>120% AMI),2023,Renter,29540,1842,0.0656,0.015,1206.5,0.0,0.0477,10230,0,0.0624
Johnston,Moderate Income (81-120% AMI),2023,Owner,28311,4905,0.1777,0.0253,0.0,302634.0,0.0477,9224,0,0.1733
Johnston,Moderate Income (81-120% AMI),2023,Renter,29102,5158,0.1809,0.0251,1206.5,0.0,0.0477,9420,4,0.1772
Johnston,Very Low Income (31-50% AMI),2023,Owner,29209,14742,0.5074,0.2415,0.0,302634.0,0.0477,8120,6622,0.5047
Johnston,Very Low Income (31-50% AMI),2023,Renter,30105,15169,0.5094,0.2475,1206.5,0.0,0.0477,8349,6820,0.5039
Johnston,Extremely Low Income (<=30% AMI),2024,Owner,32529,22455,0.6928,0.5,0.0,317555.5,0.0475,8171,14284,0.6903
Johnston,Extremely Low Income (<=30% AMI),2024,Renter,30625,21383,0.7001,0.5056,1249.5,0.0,0.0475,7507,13876,0.6982
Johnston,Low Income (51-80% AMI),2024,Owner,29643,10020,0.3405,0.0941,0.0,317555.5,0.0475,8850,1415,0.338
Johnston,Low Income (51-80% AMI),2024,Renter,30349,10333,0.3431,0.094,1249.5,0.0,0.0475,9166,1496,0.3405
Johnston,Middle/Upper Income (>120% AMI),2024,Owner,29016,1792,0.0656,0.0137,0.0,317555.5,0.0475,9851,0,0.0618
Johnston,Middle/Upper Income (>120% AMI),2024,Renter,29185,1866,0.0669,0.0155,1249.5,0.0,0.0475,9727,0,0.0639
Johnston,Moderate Income (81-120% AMI),2024,Owner,30562,5499,0.1816,0.0261,0.0,317555.5,0.0475,9926,0,0.1799
Johnston,Moderate Income (81-120% AMI),2024,Renter,28689,5062,0.1779,0.0249,1249.5,0.0,0.0475,9042,9,0.1764
Johnston,Very Low Income (31-50% AMI),2024,Owner,28895,14785,0.514,0.2443,0.0,317555.5,0.0475,7972,6813,0.5117
Johnston,Very Low Income (31-50% AMI),2024,Renter,28830,14503,0.5047,0.2425,1249.5,0.0,0.0475,7958,6545,0.5031
Nash,Extremely Low Income (<=30% AMI),2015,Owner,30444,20440,0.6739,0.4849,0.0,161143.5,0.0543,9059,11381,0.6714
Nash,Extremely Low Income (<=30% AMI),2015,Renter,28239,18976,0.6743,0.4857,717.0,0.0,0.0543,8230,10746,0.672
Nash,Low Income (51-80% AMI),2015,Owner,30354,10222,0.3391,0.0967,0.0,161143.5,0.0543,10474,588,0.3368
Nash,Low Income (51-80% AMI),2015,Renter,26582,8932,0.3397,0.0934,717.0,0.0,0.0543,9344,466,0.336
Nash,Middle/Upper Income (>120% AMI),2015,Owner,29570,1844,0.065,0.015,0.0,161143.5,0.0543,11486,0,0.0624
Nash,Middle/Upper Income (>120% AMI),2015,Renter,30480,1847,0.0645,0.0143,717.0,0.0,0.0543,11821,0,0.0606
Nash,Moderate Income (81-120% AMI),2015,Owner,27645,5011,0.1815,0.0248,0.0,161143.5,0.0543,10347,0,0.1813
Nash,Moderate Income (81-120% AMI),2015,Renter,30265,5499,0.1843,0.0234,717.0,0.0,0.0543,10916,0,0.1817
Nash,Very Low Income (31-50% AMI),2015,Owner,27188,13881,0.5126,0.2477,0.0,161143.5,0.0543,8577,5304,0.5106
Nash,Very Low Income (31-50% AMI),2015,Renter,29124,14907,0.5138,0.2453,717.0,0.0,0.0543,9305,5602,0.5118
Nash,Extremely Low Income (<=30% AMI),2016,Owner,29529,19904,0.677,0.489,0.0,164969.0,0.0546,8705,11199,0.674
Nash,Extremely Low Income (<=30% AMI),2016,Renter,29539,19987,0.6795,0.4897,750.5,0.0,0.0546,8625,11362,0.6766
Nash,Low Income (51-80% AMI),2016,Owner,29565,9843,0.3357,0.0928,0.0,164969.0,0.0546,9922,623,0.3329
Nash,Low Income (51-80% AMI),2016,Renter,29767,10057,0.3417,0.0956,750.5,0.0,0.0546,10571,472,0.3379
Nash,Middle/Upper Income (>120% AMI),2016,Owner,29528,1777,0.0614,0.0141,0.0,164969.0,0.0546,11042,0,0.0602
Nash,Middle/Upper Income (>120% AMI),2016,Renter,28802,1821,0.0654,0.0151,750.5,0.0,0.0546,11096,0,0.0632
Nash,Moderate Income (81-120% AMI),2016,Owner,27514,4873,0.1806,0.025,0.0,164969.0,0.0546,9877,0,0.1771
Nash,Moderate Income (81-120% AMI),2016,Renter,29937,5350,0.1797,0.0271,750.5,0.0,0.0546,10918,0,0.1787
Nash,Very Low Income (31-50% AMI),2016,Owner,30429,15427,0.5114,0.2467,0.0,164969.0,0.0546,9631,5796,0.507
Nash,Very Low Income (31-50% AMI),2016,Renter,28401,14265,0.5067,0.2448,750.5,0.0,0.0546,8946,5319,0.5023
Nash,Extremely Low Income (<=30% AMI),2017,Owner,29221,19746,0.6799,0.4878,0.0,173612.0,0.0509,8197,11549,0.6757
Nash,Extremely Low Income (<=30% AMI),2017,Renter,29312,19899,0.6795,0.4902,763.5,0.0,0.0509,8263,11636,0.6789
Nash,Low Income (51-80% AMI),2017,Owner,29539,9941,0.3412,0.0952,0.0,173612.0,0.0509,9997,593,0.3365
Nash,Low Income (51-80% AMI),2017,Renter,30061,10260,0.3439,0.0967,763.5,0.0,0.0509,10051,850,0.3413
Nash,Middle/Upper Income (>120% AMI),2017,Owner,28426,1745,0.0645,0.0145,0.0,173612.0,0.0509,10868,0,0.0614
Nash,Middle/Upper Income (>120% AMI),2017,Renter,29589,1868,0.0639,0.0143,763.5,0.0,0.0509,11065,0,0.0631
Nash,Moderate Income (81-120% AMI),2017,Owner,28435,4992,0.1776,0.0262,0.0,173612.0,0.0509,10076,0,0.1756
Nash,Moderate Income (81-120% AMI),2017,Renter,32117,5493,0.1759,0.0238,763.5,0.0,0.0509,11690,0,0.171
Nash,Very Low Income (31-50% AMI),2017,Owner,30297,15271,0.507,0.2438,0.0,173612.0,0.0509,9265,6006,0.504
Nash,Very Low Income (31-50% AMI),2017,Renter,27475,13845,0.5076,0.2456,763.5,0.0,0.0509,8374,5471,0.5039
Nash,Extremely Low Income (<=30% AMI),2018,Owner,28530,19429,0.684,0.4939,0.0,177254.5,0.0525,7953,11476,0.681
Nash,Extremely Low Income (<=30% AMI),2018,Renter,29858,20358,0.6832,0.4928,805.5,0.0,0.0525,8243,12115,0.6818
Nash,Low Income (51-80% AMI),2018,Owner,29407,9930,0.3389,0.0922,0.0,177254.5,0.0525,9690,760,0.3377
Nash,Low Income (51-80% AMI),2018,Renter,28566,9785,0.3481,0.1008,805.5,0.0,0.0525,9383,894,0.3425
Nash,Middle/Upper Income (>120% AMI),2018,Owner,30596,1931,0.0659,0.0154,0.0,177254.5,0.0525,11311,0,0.0631
Nash,Middle/Upper Income (>120% AMI),2018,Renter,27260,1855,0.0693,0.0139,805.5,0.0,0.0525,10147,0,0.068
Nash,Moderate Income (81-120% AMI),2018,Owner,29755,5257,0.1803,0.0248,0.0,177254.5,0.0525,10566,0,0.1767
Nash,Moderate Income (81-120% AMI),2018,Renter,28266,4920,0.1788,0.0249,805.5,0.0,0.0525,9942,0,0.1741
Nash,Very Low Income (31-50% AMI),2018,Owner,30111,15293,0.5111,0.2458,0.0,177254.5,0.0525,9101,6192,0.5079
Nash,Very Low Income (31-50% AMI),2018,Renter,29820,15183,0.5101,0.2444,805.5,0.0,0.0525,9106,6077,0.5092
Nash,Extremely Low Income (<=30% AMI),2019,Owner,27890,19109,0.6872,0.4962,0.0,183483.5,0.0518,7495,11614,0.6852
Nash,Extremely Low Income (<=30% AMI),2019,Renter,29050,19745,0.6816,0.493,829.5,0.0,0.0518,8229,11516,0.6797
Nash,Low Income (51-80% AMI),2019,Owner,28852,9766,0.3393,0.0953,0.0,183483.5,0.0518,9474,791,0.3385
Nash,Low Income (51-80% AMI),2019,Renter,28260,9476,0.3395,0.0984,829.5,0.0,0.0518,9257,810,0.3353
Nash,Middle/Upper Income (>120% AMI),2019,Owner,27983,1713,0.0641,0.0135,0.0,183483.5,0.0518,10185,0,0.0612
Nash,Middle/Upper Income (>120% AMI),2019,Renter,27862,1719,0.0643,0.0152,829.5,0.0,0.0518,10139,0,0.0617
Nash,Moderate Income (81-120% AMI),2019,Owner,29910,5167,0.1773,0.0236,0.0,183483.5,0.0518,10514,0,0.1728
Nash,Moderate Income (81-120% AMI),2019,Renter,28128,5017,0.1823,0.0248,829.5,0.0,0.0518,9671,0,0.1784
Nash,Very Low Income (31-50% AMI),2019,Owner,28037,14279,0.5114,0.2493,0.0,183483.5,0.0518,8225,6054,0.5093
Nash,Very Low Income (31-50% AMI),2019,Renter,28720,14750,0.5132,0.246,829.5,0.0,0.0518,8645,6105,0.5136
Nash,Extremely Low Income (<=30% AMI),2020,Owner,27229,18597,0.6872,0.4945,0.0,188489.0,0.0517,7152,11445,0.683
Nash,Extremely Low Income (<=30% AMI),2020,Renter,27607,18846,0.685,0.4938,855.5,0.0,0.0517,7395,11451,0.6827
Nash,Low Income (51-80% AMI),2020,Owner,30506,10400,0.3432,0.0964,0.0,188489.0,0.0517,9720,1062,0.3409
Nash,Low Income (51-80% AMI),2020,Renter,28933,9801,0.3423,0.0939,855.5,0.0,0.0517,9168,1051,0.3387
Nash,Middle/Upper Income (>120% AMI),2020,Owner,27494,1827,0.0698,0.0147,0.0,188489.0,0.0517,9991,0,0.0665
Nash,Middle/Upper Income (>120% AMI),2020,Renter,27800,1799,0.0671,0.0151,855.5,0.0,0.0517,10076,0,0.0647
Nash,Moderate Income (81-120% AMI),2020,Owner,27849,4944,0.1788,0.0232,0.0,188489.0,0.0517,9698,0,0.1775
Nash,Moderate Income (81-120% AMI),2020,Renter,29618,5255,0.1793,0.0241,855.5,0.0,0.0517,10242,0,0.1774
Nash,Very Low Income (31-50% AMI),2020,Owner,28453,14479,0.5105,0.2463,0.0,188489.0,0.0517,8370,6109,0.5089
Nash,Very Low Income (31-50% AMI),2020,Renter,30933,15695,0.5113,0.2452,855.5,0.0,0.0517,8894,6801,0.5074
Nash,Extremely Low Income (<=30% AMI),2021,Owner,30099,20545,0.6842,0.4933,0.0,193455.0,0.049,7987,12558,0.6826
Nash,Extremely Low Income (<=30% AMI),2021,Renter,28262,19379,0.6893,0.4959,892.5,0.0,0.049,7332,12047,0.6857
Nash,Low Income (51-80% AMI),2021,Owner,30500,10333,0.3428,0.0957,0.0,193455.0,0.049,9342,1269,0.3388
Nash,Low Income (51-80% AMI),2021,Renter,27872,9286,0.3369,0.0963,892.5,0.0,0.049,8832,941,0.3332
Nash,Middle/Upper Income (>120% AMI),2021,Owner,29999,1813,0.0618,0.0148,0.0,193455.0,0.049,10689,0,0.0604
Nash,Middle/Upper Income (>120% AMI),2021,Renter,29527,1740,0.0618,0.0135,892.5,0.0,0.049,10277,0,0.0589
Nash,Moderate Income (81-120% AMI),2021,Owner,28580,4930,0.1763,0.0219,0.0,193455.0,0.049,9440,4,0.1725
Nash,Moderate Income (81-120% AMI),2021,Renter,31303,5565,0.1809,0.0282,892.5,0.0,0.049,10555,0,0.1778
Nash,Very Low Income (31-50% AMI),2021,Owner,28429,14461,0.5105,0.2448,0.0,193455.0,0.049,8131,6330,0.5087
Nash,Very Low Income (31-50% AMI),2021,Renter,29607,15022,0.5114,0.2463,892.5,0.0,0.049,8750,6272,0.5074
Nash,Extremely Low Income (<=30% AMI),2022,Owner,26916,18479,0.6904,0.4972,0.0,206323.5,0.0468,6991,11488,0.6865
Nash,Extremely Low Income (<=30% AMI),2022,Renter,27218,18683,0.6925,0.4997,921.5,0.0,0.0468,7147,11536,0.6864
Nash,Low Income (51-80% AMI),2022,Owner,29924,10071,0.3389,0.0959,0.0,206323.5,0.0468,9491,924,0.3366
Nash,Low Income (51-80% AMI),2022,Renter,29595,9936,0.3382,0.0943,921.5,0.0,0.0468,8914,1336,0.3357
Nash,Middle/Upper Income (>120% AMI),2022,Owner,30095,1762,0.0601,0.0131,0.0,206323.5,0.0468,10338,0,0.0585
Nash,Middle/Upper Income (>120% AMI),2022,Renter,28262,1906,0.0694,0.0143,921.5,0.0,0.0468,9784,0,0.0674
Nash,Moderate Income (81-120% AMI),2022,Owner,29017,5089,0.1779,0.0278,0.0,206323.5,0.0468,9655,0,0.1754
Nash,Moderate Income (81-120% AMI),2022,Renter,31761,5802,0.1831,0.0268,921.5,0.0,0.0468,10646,1,0.1827
Nash,Very Low Income (31-50% AMI),2022,Owner,27901,14028,0.5042,0.2421,0.0,206323.5,0.0468,8124,5904,0.5028
Nash,Very Low Income (31-50% AMI),2022,Renter,26958,13608,0.5077,0.2423,921.5,0.0,0.0468,7430,6178,0.5048
Nash,Extremely Low Income (<=30% AMI),2023,Owner,29522,20401,0.6929,0.4981,0.0,211007.0,0.0458,7845,12556,0.691
Nash,Extremely Low Income (<=30% AMI),2023,Renter,30502,21091,0.6939,0.4995,959.0,0.0,0.0458,7681,13410,0.6915
Nash,Low Income (51-80% AMI),2023,Owner,29184,10000,0.3427,0.0928,0.0,211007.0,0.0458,9007,1246,0.3427
Nash,Low Income (51-80% AMI),2023,Renter,27709,9225,0.337,0.0938,959.0,0.0,0.0458,8341,1148,0.3329
Nash,Middle/Upper Income (>120% AMI),2023,Owner,28513,1708,0.0621,0.0146,0.0,211007.0,0.0458,9878,0,0.0599
Nash,Middle/Upper Income (>120% AMI),2023,Renter,29376,1773,0.0643,0.0135,959.0,0.0,0.0458,10034,0,0.0604
Nash,Moderate Income (81-120% AMI),2023,Owner,26280,4599,0.1774,0.0248,0.0,211007.0,0.0458,8559,0,0.175
Nash,Moderate Income (81-120% AMI),2023,Renter,27327,4900,0.1825,0.0241,959.0,0.0,0.0458,8868,3,0.1793
Nash,Very Low Income (31-50% AMI),2023,Owner,27881,14210,0.5131,0.2476,0.0,211007.0,0.0458,7657,6553,0.5097
Nash,Very Low Income (31-50% AMI),2023,Renter,28841,14450,0.5045,0.2411,959.0,0.0,0.0458,7968,6482,0.501
Nash,Extremely Low Income (<=30% AMI),2024,Owner,28482,19716,0.6949,0.5016,0.0,211734.0,0.0481,6889,12827,0.6922
Nash,Extremely Low Income (<=30% AMI),2024,Renter,28742,19910,0.6963,0.5006,983.5,0.0,0.0481,7098,12812,0.6927
Nash,Low Income (51-80% AMI),2024,Owner,30631,10330,0.3392,0.094,0.0,211734.0,0.0481,9317,1299,0.3372
Nash,Low Income (51-80% AMI),2024,Renter,28694,9753,0.3428,0.0969,983.5,0.0,0.0481,8515,1432,0.3399
Nash,Middle/Upper Income (>120% AMI),2024,Owner,29746,1878,0.0657,0.0164,0.0,211734.0,0.0481,10077,0,0.0631
Nash,Middle/Upper Income (>120% AMI),2024,Renter,28291,1623,0.0603,0.0145,983.5,0.0,0.0481,9635,0,0.0574
Nash,Moderate Income (81-120% AMI),2024,Owner,29029,5164,0.1794,0.0256,0.0,211734.0,0.0481,9146,3,0.1779
Nash,Moderate Income (81-120% AMI),2024,Renter,30152,5431,0.181,0.027,983.5,0.0,0.0481,9666,4,0.1801
Nash,Very Low Income (31-50% AMI),2024,Owner,27645,14087,0.5126,0.2473,0.0,211734.0,0.0481,7334,6753,0.5096
Nash,Very Low Income (31-50% AMI),2024,Renter,29113,14811,0.5112,0.2481,983.5,0.0,0.0481,8015,6796,0.5087
Orange,Extremely Low Income (<=30% AMI),2015,Owner,28815,19297,0.673,0.4839,0.0,291229.5,0.0541,8605,10692,0.6697
Orange,Extremely Low Income (<=30% AMI),2015,Renter,27988,18842,0.6754,0.4884,1060.0,0.0,0.0541,8242,10600,0.6732
Orange,Low Income (51-80% AMI),2015,Owner,30045,10122,0.3393,0.0986,0.0,291229.5,0.0541,10452,464,0.3369
Orange,Low Income (51-80% AMI),2015,Renter,29459,9989,0.3402,0.0954,1060.0,0.0,0.0541,10438,443,0.3391
Orange,Middle/Upper Income (>120% AMI),2015,Owner,29354,1829,0.0654,0.0138,0.0,291229.5,0.0541,11642,0,0.0623
Orange,Middle/Upper Income (>120% AMI),2015,Renter,28421,1787,0.0655,0.0146,1060.0,0.0,0.0541,11030,0,0.0629
Orange,Moderate Income (81-120% AMI),2015,Owner,30086,5351,0.1816,0.0268,0.0,291229.5,0.0541,11030,0,0.1779
Orange,Moderate Income (81-120% AMI),2015,Renter,29806,5260,0.1789,0.0262,1060.0,0.0,0.0541,10811,0,0.1765
Orange,Very Low Income (31-50% AMI),2015,Owner,30222,15248,0.5082,0.2454,0.0,291229.5,0.0541,9712,5536,0.5045
Orange,Very Low Income (31-50% AMI),2015,Renter,29486,14945,0.5096,0.244,1060.0,0.0,0.0541,9375,5570,0.5069
Orange,Extremely Low Income (<=30% AMI),2016,Owner,28073,19060,0.682,0.4899,0.0,301274.0,0.0535,7877,11183,0.6789
Orange,Extremely Low Income (<=30% AMI),2016,Renter,29514,19966,0.6798,0.488,1090.0,0.0,0.0535,8459,11507,0.6765
Orange,Low Income (51-80% AMI),2016,Owner,28622,9757,0.3431,0.0966,0.0,301274.0,0.0535,9817,588,0.3409
Orange,Low Income (51-80% AMI),2016,Renter,28983,9759,0.34,0.0952,1090.0,0.0,0.0535,9809,618,0.3367
Orange,Middle/Upper Income (>120% AMI),2016,Owner,28094,1733,0.0649,0.0144,0.0,301274.0,0.0535,10892,0,0.0617
Orange,Middle/Upper Income (>120% AMI),2016,Renter,30214,1939,0.0661,0.0132,1090.0,0.0,0.0535,11784,0,0.0642
Orange,Moderate Income (81-120% AMI),2016,Owner,28561,5073,0.1797,0.024,0.0,301274.0,0.0535,10398,0,0.1776
Orange,Moderate Income (81-120% AMI),2016,Renter,31655,5525,0.1781,0.0272,1090.0,0.0,0.0535,11652,0,0.1745
Orange,Very Low Income (31-50% AMI),2016,Owner,28589,14513,0.5088,0.243,0.0,301274.0,0.0535,9211,5308,0.5076
Orange,Very Low Income (31-50% AMI),2016,Renter,28677,14644,0.5122,0.2443,1090.0,0.0,0.0535,9124,5520,0.5107
Orange,Extremely Low Income (<=30% AMI),2017,Owner,29617,19977,0.6734,0.4832,0.0,323454.0,0.0532,8528,11449,0.6745
Orange,Extremely Low Income (<=30% AMI),2017,Renter,29752,20195,0.6803,0.4896,1161.0,0.0,0.0532,8457,11738,0.6788
Orange,Low Income (51-80% AMI),2017,Owner,27990,9417,0.339,0.0965,0.0,323454.0,0.0532,9534,606,0.3364
Orange,Low Income (51-80% AMI),2017,Renter,28080,9430,0.3393,0.0938,1161.0,0.0,0.0532,9207,761,0.3358
Orange,Middle/Upper Income (>120% AMI),2017,Owner,28002,1804,0.0676,0.0144,0.0,323454.0,0.0532,10599,0,0.0644
Orange,Middle/Upper Income (>120% AMI),2017,Renter,29260,1823,0.0637,0.0145,1161.0,0.0,0.0532,10970,0,0.0623
Orange,Moderate Income (81-120% AMI),2017,Owner,30454,5379,0.1788,0.0253,0.0,323454.0,0.0532,11057,0,0.1766
Orange,Moderate Income (81-120% AMI),2017,Renter,29372,5285,0.1806,0.0237,1161.0,0.0,0.0532,10521,0,0.1799
Orange,Very Low Income (31-50% AMI),2017,Owner,30209,15414,0.5117,0.2466,0.0,323454.0,0.0532,9560,5854,0.5102
Orange,Very Low Income (31-50% AMI),2017,Renter,30740,15533,0.5077,0.2437,1161.0,0.0,0.0532,9520,6013,0.5053
Orange,Extremely Low Income (<=30% AMI),2018,Owner,29994,20194,0.6775,0.4866,0.0,334526.0,0.0522,8184,12010,0.6733
Orange,Extremely Low Income (<=30% AMI),2018,Renter,27999,18858,0.6779,0.4884,1208.0,0.0,0.0522,7812,11046,0.6735
Orange,Low Income (51-80% AMI),2018,Owner,30789,10326,0.3367,0.0945,0.0,334526.0,0.0522,10262,693,0.3354
Orange,Low Income (51-80% AMI),2018,Renter,29166,9847,0.34,0.0939,1208.0,0.0,0.0522,9588,787,0.3376
Orange,Middle/Upper Income (>120% AMI),2018,Owner,28394,1861,0.0681,0.0136,0.0,334526.0,0.0522,10642,0,0.0655
Orange,Middle/Upper Income (>120% AMI),2018,Renter,26658,1701,0.0673,0.0149,1208.0,0.0,0.0522,9751,0,0.0638
Orange,Moderate Income (81-120% AMI),2018,Owner,29356,5254,0.1816,0.0258,0.0,334526.0,0.0522,10405,0,0.179
Orange,Moderate Income (81-120% AMI),2018,Renter,28679,5046,0.1786,0.0264,1208.0,0.0,0.0522,10334,0,0.1759
Orange,Very Low Income (31-50% AMI),2018,Owner,28497,14383,0.5074,0.2414,0.0,334526.0,0.0522,8619,5764,0.5047
Orange,Very Low Income (31-50% AMI),2018,Renter,28546,14557,0.51,0.2429,1208.0,0.0,0.0522,8717,5840,0.5099
Orange,Extremely Low Income (<=30% AMI),2019,Owner,28776,19645,0.6857,0.493,0.0,349291.0,0.0512,7921,11724,0.6827
Orange,Extremely Low Income (<=30% AMI),2019,Renter,28315,19160,0.6798,0.4863,1281.5,0.0,0.0512,7587,11573,0.6767
Orange,Low Income (51-80% AMI),2019,Owner,29740,9996,0.3376,0.0966,0.0,349291.0,0.0512,9881,706,0.3361
Orange,Low Income (51-80% AMI),2019,Renter,30321,10136,0.3394,0.0939,1281.5,0.0,0.0512,9927,803,0.3343
Orange,Middle/Upper Income (>120% AMI),2019,Owner,30484,1979,0.0654,0.0143,0.0,349291.0,0.0512,11226,0,0.0649
Orange,Middle/Upper Income (>120% AMI),2019,Renter,29903,1882,0.0658,0.0152,1281.5,0.0,0.0512,10786,0,0.0629
Orange,Moderate Income (81-120% AMI),2019,Owner,29601,5269,0.1812,0.0259,0.0,349291.0,0.0512,10226,0,0.178
Orange,Moderate Income (81-120% AMI),2019,Renter,30120,5365,0.1811,0.0245,1281.5,0.0,0.0512,10306,0,0.1781
Orange,Very Low Income (31-50% AMI),2019,Owner,29701,15178,0.5123,0.2467,0.0,349291.0,0.0512,9062,6116,0.511
Orange,Very Low Income (31-50% AMI),2019,Renter,28768,14721,0.5131,0.2492,1281.5,0.0,0.0512,8879,5842,0.5117
Orange,Extremely Low Income (<=30% AMI),2020,Owner,29195,19832,0.6821,0.4921,0.0,371739.0,0.0496,7526,12306,0.6793
Orange,Extremely Low Income (<=30% AMI),2020,Renter,27960,19066,0.6838,0.4913,1327.0,0.0,0.0496,7620,11446,0.6819
Orange,Low Income (51-80% AMI),2020,Owner,30051,10098,0.338,0.0938,0.0,371739.0,0.0496,9801,850,0.336
Orange,Low Income (51-80% AMI),2020,Renter,31704,10689,0.3376,0.0948,1327.0,0.0,0.0496,9921,1170,0.3371
Orange,Middle/Upper Income (>120% AMI),2020,Owner,29691,1722,0.0619,0.0142,0.0,371739.0,0.0496,10643,0,0.058
Orange,Middle/Upper Income (>120% AMI),2020,Renter,29077,1802,0.0654,0.0131,1327.0,0.0,0.0496,10529,0,0.062
Orange,Moderate Income (81-120% AMI),2020,Owner,29781,5273,0.1777,0.0251,0.0,371739.0,0.0496,10091,0,0.1771
Orange,Moderate Income (81-120% AMI),2020,Renter,30714,5528,0.1826,0.0261,1327.0,0.0,0.0496,10588,0,0.18
Orange,Very Low Income (31-50% AMI),2020,Owner,29785,15170,0.5106,0.2462,0.0,371739.0,0.0496,8998,6172,0.5093
Orange,Very Low Income (31-50% AMI),2020,Renter,27518,13813,0.5059,0.2406,1327.0,0.0,0.0496,8074,5739,0.502
Orange,Extremely Low Income (<=30% AMI),2021,Owner,28846,19769,0.6891,0.4975,0.0,385449.5,0.0493,7332,12437,0.6853
Orange,Extremely Low Income (<=30% AMI),2021,Renter,29039,19953,0.6893,0.4956,1407.0,0.0,0.0493,7830,12123,0.6871
Orange,Low Income (51-80% AMI),2021,Owner,29226,9913,0.3416,0.0942,0.0,385449.5,0.0493,9211,1021,0.3392
Orange,Low Income (51-80% AMI),2021,Renter,27215,9264,0.3416,0.0933,1407.0,0.0,0.0493,8615,1033,0.3404
Orange,Middle/Upper Income (>120% AMI),2021,Owner,28424,1858,0.0675,0.0135,0.0,385449.5,0.0493,9813,0,0.0654
Orange,Middle/Upper Income (>120% AMI),2021,Renter,29653,1896,0.0655,0.0137,1407.0,0.0,0.0493,10653,0,0.0639
Orange,Moderate Income (81-120% AMI),2021,Owner,27780,5013,0.1836,0.0264,0.0,385449.5,0.0493,9270,0,0.1805
Orange,Moderate Income (81-120% AMI),2021,Renter,30236,5238,0.1762,0.0252,1407.0,0.0,0.0493,10182,0,0.1732
Orange,Very Low Income (31-50% AMI),2021,Owner,26520,13481,0.5109,0.2449,0.0,385449.5,0.0493,7623,5858,0.5083
Orange,Very Low Income (31-50% AMI),2021,Renter,29925,15086,0.5056,0.2436,1407.0,0.0,0.0493,8447,6639,0.5041
Orange,Extremely Low Income (<=30% AMI),2022,Owner,28643,19759,0.6915,0.4997,0.0,400015.5,0.0482,7317,12442,0.6898
Orange,Extremely Low Income (<=30% AMI),2022,Renter,28340,19430,0.6908,0.4978,1473.5,0.0,0.0482,7266,12164,0.6856
Orange,Low Income (51-80% AMI),2022,Owner,27013,9087,0.3413,0.0937,0.0,400015.5,0.0482,8339,1122,0.3364
Orange,Low Income (51-80% AMI),2022,Renter,28923,9874,0.3445,0.0949,1473.5,0.0,0.0482,8819,1320,0.3414
Orange,Middle/Upper Income (>120% AMI),2022,Owner,27974,1661,0.0621,0.0138,0.0,400015.5,0.0482,9895,0,0.0594
Orange,Middle/Upper Income (>120% AMI),2022,Renter,26810,1645,0.0646,0.0133,1473.5,0.0,0.0482,9387,0,0.0614
Orange,Moderate Income (81-120% AMI),2022,Owner,30466,5297,0.1773,0.0249,0.0,400015.5,0.0482,10353,0,0.1739
Orange,Moderate Income (81-120% AMI),2022,Renter,29951,5288,0.1808,0.0244,1473.5,0.0,0.0482,10006,0,0.1766
Orange,Very Low Income (31-50% AMI),2022,Owner,28389,14285,0.5066,0.2414,0.0,400015.5,0.0482,8062,6223,0.5032
Orange,Very Low Income (31-50% AMI),2022,Renter,29742,15044,0.5079,0.2443,1473.5,0.0,0.0482,8547,6497,0.5058
Orange,Extremely Low Income (<=30% AMI),2023,Owner,28402,19453,0.6878,0.492,0.0,437903.0,0.0456,7287,12166,0.6849
Orange,Extremely Low Income (<=30% AMI),2023,Renter,30198,20845,0.6932,0.5007,1541.0,0.0,0.0456,7411,13434,0.6903
Orange,Low Income (51-80% AMI),2023,Owner,30975,10574,0.344,0.0973,0.0,437903.0,0.0456,9285,1522,0.3414
Orange,Low Income (51-80% AMI),2023,Renter,27415,9223,0.3388,0.0951,1541.0,0.0,0.0456,8227,1227,0.3364
Orange,Middle/Upper Income (>120% AMI),2023,Owner,29015,1812,0.0644,0.016,0.0,437903.0,0.0456,10014,0,0.0625
Orange,Middle/Upper Income (>120% AMI),2023,Renter,27506,1720,0.0652,0.0148,1541.0,0.0,0.0456,9572,0,0.0625
Orange,Moderate Income (81-120% AMI),2023,Owner,29731,5355,0.1846,0.0265,0.0,437903.0,0.0456,9700,0,0.1801
Orange,Moderate Income (81-120% AMI),2023,Renter,29130,5171,0.1803,0.0268,1541.0,0.0,0.0456,9402,0,0.1775
Orange,Very Low Income (31-50% AMI),2023,Owner,29560,15109,0.5119,0.2462,0.0,437903.0,0.0456,8243,6866,0.5111
Orange,Very Low Income (31-50% AMI),2023,Renter,31671,16168,0.5141,0.2468,1541.0,0.0,0.0456,8819,7349,0.5105
Orange,Extremely Low Income (<=30% AMI),2024,Owner,29149,20131,0.6949,0.4968,0.0,440586.0,0.0479,7025,13106,0.6906
Orange,Extremely Low Income (<=30% AMI),2024,Renter,30308,20900,0.6914,0.4959,1665.5,0.0,0.0479,7174,13726,0.6896
Orange,Low Income (51-80% AMI),2024,Owner,28020,9399,0.3389,0.0952,0.0,440586.0,0.0479,8009,1556,0.3354
Orange,Low Income (51-80% AMI),2024,Renter,29128,9849,0.3419,0.0961,1665.5,0.0,0.0479,8674,1387,0.3381
Orange,Middle/Upper Income (>120% AMI),2024,Owner,29727,1888,0.0669,0.0157,0.0,440586.0,0.0479,9901,0,0.0635
Orange,Middle/Upper Income (>120% AMI),2024,Renter,29335,1833,0.0638,0.0152,1665.5,0.0,0.0479,9740,0,0.0625
Orange,Moderate Income (81-120% AMI),2024,Owner,28496,5065,0.1794,0.0226,0.0,440586.0,0.0479,9295,8,0.1777
Orange,Moderate Income (81-120% AMI),2024,Renter,28331,4934,0.1779,0.0224,1665.5,0.0,0.0479,8994,1,0.1742
Orange,Very Low Income (31-50% AMI),2024,Owner,27051,13657,0.5079,0.2451,0.0,440586.0,0.0479,7379,6278,0.5049
Orange,Very Low Income (31-50% AMI),2024,Renter,30602,15509,0.5081,0.2446,1665.5,0.0,0.0479,8260,7249,0.5068
Wake,Extremely Low Income (<=30% AMI),2015,Owner,29614,20008,0.6792,0.49,0.0,317428.0,0.0542,8765,11243,0.6756
Wake,Extremely Low Income (<=30% AMI),2015,Renter,29655,19919,0.6736,0.4838,1340.0,0.0,0.0542,8556,11363,0.6717
Wake,Low Income (51-80% AMI),2015,Owner,29300,9906,0.3399,0.0985,0.0,317428.0,0.0542,9987,657,0.3381
Wake,Low Income (51-80% AMI),2015,Renter,29340,9881,0.3396,0.0926,1340.0,0.0,0.0542,10368,453,0.3368
Wake,Middle/Upper Income (>120% AMI),2015,Owner,27407,1639,0.0631,0.0159,0.0,317428.0,0.0542,10559,0,0.0598
Wake,Middle/Upper Income (>120% AMI),2015,Renter,29844,1903,0.0663,0.0147,1340.0,0.0,0.0542,11425,0,0.0638
Wake,Moderate Income (81-120% AMI),2015,Owner,30372,5331,0.1782,0.0245,0.0,317428.0,0.0542,11313,0,0.1755
Wake,Moderate Income (81-120% AMI),2015,Renter,27782,4884,0.1791,0.025,1340.0,0.0,0.0542,10281,0,0.1758
Wake,Very Low Income (31-50% AMI),2015,Owner,29261,15019,0.5167,0.2467,0.0,317428.0,0.0542,9602,5417,0.5133
Wake,Very Low Income (31-50% AMI),2015,Renter,27287,13735,0.5085,0.2424,1340.0,0.0,0.0542,8561,5174,0.5034
Wake,Extremely Low Income (<=30% AMI),2016,Owner,29639,19951,0.6755,0.4886,0.0,347850.0,0.0565,8574,11377,0.6731
Wake,Extremely Low Income (<=30% AMI),2016,Renter,27014,18084,0.6743,0.4846,1437.5,0.0,0.0565,7819,10265,0.6694
Wake,Low Income (51-80% AMI),2016,Owner,28630,9642,0.3394,0.0944,0.0,347850.0,0.0565,9889,504,0.3368
Wake,Low Income (51-80% AMI),2016,Renter,29684,9963,0.3364,0.0942,1437.5,0.0,0.0565,10203,528,0.3356
Wake,Middle/Upper Income (>120% AMI),2016,Owner,27752,1726,0.0657,0.0134,0.0,347850.0,0.0565,10750,0,0.0622
Wake,Middle/Upper Income (>120% AMI),2016,Renter,29509,1769,0.0632,0.0135,1437.5,0.0,0.0565,11344,0,0.0599
Wake,Moderate Income (81-120% AMI),2016,Owner,27860,4824,0.1757,0.0257,0.0,347850.0,0.0565,10213,0,0.1732
Wake,Moderate Income (81-120% AMI),2016,Renter,29141,5167,0.1806,0.0259,1437.5,0.0,0.0565,10460,0,0.1773
Wake,Very Low Income (31-50% AMI),2016,Owner,28647,14570,0.512,0.2467,0.0,347850.0,0.0565,9256,5314,0.5086
Wake,Very Low Income (31-50% AMI),2016,Renter,30692,15623,0.5124,0.2471,1437.5,0.0,0.0565,9579,6044,0.509
Wake,Extremely Low Income (<=30% AMI),2017,Owner,28400,19234,0.6801,0.4875,0.0,365680.5,0.0542,8133,11101,0.6773
Wake,Extremely Low Income (<=30% AMI),2017,Renter,29823,20245,0.6819,0.4891,1537.0,0.0,0.0542,8594,11651,0.6788
Wake,Low Income (51-80% AMI),2017,Owner,30181,10187,0.3404,0.0957,0.0,365680.5,0.0542,10202,695,0.3375
Wake,Low Income (51-80% AMI),2017,Renter,29627,9953,0.337,0.0948,1537.0,0.0,0.0542,9550,870,0.3359
Wake,Middle/Upper Income (>120% AMI),2017,Owner,28333,1761,0.0641,0.015,0.0,365680.5,0.0542,10817,0,0.0622
Wake,Middle/Upper Income (>120% AMI),2017,Renter,27668,1772,0.0666,0.0152,1537.0,0.0,0.0542,10294,0,0.064
Wake,Moderate Income (81-120% AMI),2017,Owner,30489,5306,0.1763,0.0232,0.0,365680.5,0.0542,11011,0,0.174
Wake,Moderate Income (81-120% AMI),2017,Renter,29523,5128,0.1747,0.0246,1537.0,0.0,0.0542,10485,0,0.1737
Wake,Very Low Income (31-50% AMI),2017,Owner,30135,15330,0.5107,0.2431,0.0,365680.5,0.0542,9228,6102,0.5087
Wake,Very Low Income (31-50% AMI),2017,Renter,26736,13513,0.5075,0.2416,1537.0,0.0,0.0542,8237,5288,0.5054
Wake,Extremely Low Income (<=30% AMI),2018,Owner,29008,19567,0.6772,0.488,0.0,387650.0,0.0533,8086,11481,0.6745
Wake,Extremely Low Income (<=30% AMI),2018,Renter,29623,20081,0.6819,0.4906,1627.0,0.0,0.0533,8025,12056,0.6779
Wake,Low Income (51-80% AMI),2018,Owner,28755,9794,0.343,0.0971,0.0,387650.0,0.0533,9570,812,0.3406
Wake,Low Income (51-80% AMI),2018,Renter,29814,10195,0.3425,0.0962,1627.0,0.0,0.0533,9809,882,0.342
Wake,Middle/Upper Income (>120% AMI),2018,Owner,29197,1898,0.0706,0.0148,0.0,387650.0,0.0533,11011,0,0.065
Wake,Middle/Upper Income (>120% AMI),2018,Renter,30550,1758,0.0613,0.0139,1627.0,0.0,0.0533,11272,0,0.0575
Wake,Moderate Income (81-120% AMI),2018,Owner,30619,5425,0.1818,0.0264,0.0,387650.0,0.0533,10809,0,0.1772
Wake,Moderate Income (81-120% AMI),2018,Renter,28236,4910,0.1765,0.0237,1627.0,0.0,0.0533,9659,3,0.1739
Wake,Very Low Income (31-50% AMI),2018,Owner,30973,15738,0.5105,0.247,0.0,387650.0,0.0533,9400,6338,0.5081
Wake,Very Low Income (31-50% AMI),2018,Renter,30145,15245,0.5092,0.2462,1627.0,0.0,0.0533,9465,5780,0.5057
Wake,Extremely Low Income (<=30% AMI),2019,Owner,27928,19074,0.6852,0.4899,0.0,403904.0,0.0502,7371,11703,0.683
Wake,Extremely Low Income (<=30% AMI),2019,Renter,30263,20638,0.6853,0.4938,1742.0,0.0,0.0502,8144,12494,0.682
Wake,Low Income (51-80% AMI),2019,Owner,27083,9292,0.3443,0.0938,0.0,403904.0,0.0502,9142,694,0.3431
Wake,Low Income (51-80% AMI),2019,Renter,27809,9517,0.3427,0.0943,1742.0,0.0,0.0502,8761,1091,0.3422
Wake,Middle/Upper Income (>120% AMI),2019,Owner,27800,1800,0.0665,0.0138,0.0,403904.0,0.0502,10225,0,0.0647
Wake,Middle/Upper Income (>120% AMI),2019,Renter,29469,1959,0.0667,0.0135,1742.0,0.0,0.0502,10710,0,0.0665
Wake,Moderate Income (81-120% AMI),2019,Owner,28200,5103,0.1829,0.0249,0.0,403904.0,0.0502,9706,0,0.181
Wake,Moderate Income (81-120% AMI),2019,Renter,30347,5429,0.18,0.0252,1742.0,0.0,0.0502,10441,0,0.1789
Wake,Very Low Income (31-50% AMI),2019,Owner,28236,14213,0.5071,0.2453,0.0,403904.0,0.0502,8332,5881,0.5034
Wake,Very Low Income (31-50% AMI),2019,Renter,29705,15254,0.5142,0.247,1742.0,0.0,0.0502,9096,6158,0.5135
Wake,Extremely Low Income (<=30% AMI),2020,Owner,27904,19090,0.6864,0.4946,0.0,447015.5,0.0504,7604,11486,0.6841
Wake,Extremely Low Income (<=30% AMI),2020,Renter,30592,20955,0.6875,0.4969,1833.0,0.0,0.0504,8396,12559,0.685
Wake,Low Income (51-80% AMI),2020,Owner,29293,9937,0.3413,0.0958,0.0,447015.5,0.0504,9403,938,0.3392
Wake,Low Income (51-80% AMI),2020,Renter,29764,10075,0.3409,0.0955,1833.0,0.0,0.0504,9520,1038,0.3385
Wake,Middle/Upper Income (>120% AMI),2020,Owner,28149,1894,0.0698,0.015,0.0,447015.5,0.0504,10161,0,0.0673
Wake,Middle/Upper Income (>120% AMI),2020,Renter,28549,1870,0.0685,0.014,1833.0,0.0,0.0504,10347,0,0.0655
Wake,Moderate Income (81-120% AMI),2020,Owner,30324,5349,0.18,0.0257,0.0,447015.5,0.0504,10195,0,0.1764
Wake,Moderate Income (81-120% AMI),2020,Renter,30406,5396,0.1801,0.0255,1833.0,0.0,0.0504,10552,0,0.1775
Wake,Very Low Income (31-50% AMI),2020,Owner,29684,15037,0.5097,0.2444,0.0,447015.5,0.0504,8788,6249,0.5066
Wake,Very Low Income (31-50% AMI),2020,Renter,28343,14418,0.511,0.2475,1833.0,0.0,0.0504,8250,6168,0.5087
Wake,Extremely Low Income (<=30% AMI),2021,Owner,29084,19926,0.6881,0.4974,0.0,470814.5,0.0511,7620,12306,0.6851
Wake,Extremely Low Income (<=30% AMI),2021,Renter,28833,19788,0.6887,0.4947,2010.5,0.0,0.0511,7661,12127,0.6863
Wake,Low Income (51-80% AMI),2021,Owner,31198,10420,0.3365,0.0973,0.0,470814.5,0.0511,9869,1012,0.334
Wake,Low Income (51-80% AMI),2021,Renter,31266,10622,0.3423,0.0975,2010.5,0.0,0.0511,9739,1229,0.3397
Wake,Middle/Upper Income (>120% AMI),2021,Owner,30226,2061,0.0703,0.0151,0.0,470814.5,0.0511,10822,0,0.0682
Wake,Middle/Upper Income (>120% AMI),2021,Renter,28647,1755,0.0637,0.0149,2010.5,0.0,0.0511,10190,0,0.0613
Wake,Moderate Income (81-120% AMI),2021,Owner,27605,4924,0.1803,0.0252,0.0,470814.5,0.0511,9202,0,0.1784
Wake,Moderate Income (81-120% AMI),2021,Renter,29841,5246,0.1775,0.0235,2010.5,0.0,0.0511,10186,0,0.1758
Wake,Very Low Income (31-50% AMI),2021,Owner,28388,14320,0.5051,0.2434,0.0,470814.5,0.0511,8218,6102,0.5044
Wake,Very Low Income (31-50% AMI),2021,Renter,28597,14467,0.5093,0.2435,2010.5,0.0,0.0511,8410,6057,0.5059
Wake,Extremely Low Income (<=30% AMI),2022,Owner,29551,20423,0.6924,0.4988,0.0,501930.0,0.0489,7807,12616,0.6911
Wake,Extremely Low Income (<=30% AMI),2022,Renter,31106,21360,0.6888,0.4967,2092.5,0.0,0.0489,8164,13196,0.6867
Wake,Low Income (51-80% AMI),2022,Owner,29140,9736,0.3362,0.0942,0.0,501930.0,0.0489,8804,1239,0.3341
Wake,Low Income (51-80% AMI),2022,Renter,30027,10071,0.3382,0.0977,2092.5,0.0,0.0489,9227,1249,0.3354
Wake,Middle/Upper Income (>120% AMI),2022,Owner,28928,1695,0.0616,0.0141,0.0,501930.0,0.0489,10124,0,0.0586
Wake,Middle/Upper Income (>120% AMI),2022,Renter,29227,1862,0.0656,0.014,2092.5,0.0,0.0489,10076,0,0.0637
Wake,Moderate Income (81-120% AMI),2022,Owner,29841,5336,0.1808,0.0257,0.0,501930.0,0.0489,9881,0,0.1788
Wake,Moderate Income (81-120% AMI),2022,Renter,29264,5225,0.1806,0.0266,2092.5,0.0,0.0489,9608,0,0.1785
Wake,Very Low Income (31-50% AMI),2022,Owner,29835,15173,0.5119,0.2456,0.0,501930.0,0.0489,8120,7053,0.5086
Wake,Very Low Income (31-50% AMI),2022,Renter,27689,14081,0.5129,0.2479,2092.5,0.0,0.0489,7793,6288,0.5085
Wake,Extremely Low Income (<=30% AMI),2023,Owner,29548,20495,0.6948,0.5004,0.0,531687.0,0.048,7291,13204,0.6936
Wake,Extremely Low Income (<=30% AMI),2023,Renter,31126,21435,0.6917,0.4965,2200.0,0.0,0.048,7956,13479,0.6887
Wake,Low Income (51-80% AMI),2023,Owner,30176,10182,0.3389,0.0961,0.0,531687.0,0.048,9213,1281,0.3374
Wake,Low Income (51-80% AMI),2023,Renter,29123,9803,0.3389,0.0968,2200.0,0.0,0.048,8928,1237,0.3366
Wake,Middle/Upper Income (>120% AMI),2023,Owner,28084,1783,0.066,0.0135,0.0,531687.0,0.048,9579,0,0.0635
Wake,Middle/Upper Income (>120% AMI),2023,Renter,28610,1824,0.0661,0.0147,2200.0,0.0,0.048,9816,0,0.0638
Wake,Moderate Income (81-120% AMI),2023,Owner,29956,5326,0.1801,0.0267,0.0,531687.0,0.048,9895,6,0.1778
Wake,Moderate Income (81-120% AMI),2023,Renter,28810,5079,0.1797,0.0243,2200.0,0.0,0.048,9274,1,0.1763
Wake,Very Low Income (31-50% AMI),2023,Owner,31525,16087,0.512,0.2475,0.0,531687.0,0.048,8833,7254,0.5103
Wake,Very Low Income (31-50% AMI),2023,Renter,30037,15264,0.5123,0.2444,2200.0,0.0,0.048,8344,6920,0.5082
Wake,Extremely Low Income (<=30% AMI),2024,Owner,29897,20684,0.6933,0.4959,0.0,569965.0,0.0486,7400,13284,0.6918
Wake,Extremely Low Income (<=30% AMI),2024,Renter,28963,20167,0.699,0.504,2375.0,0.0,0.0486,7204,12963,0.6963
Wake,Low Income (51-80% AMI),2024,Owner,29734,10067,0.3404,0.095,0.0,569965.0,0.0486,8862,1380,0.3386
Wake,Low Income (51-80% AMI),2024,Renter,28386,9512,0.3379,0.0945,2375.0,0.0,0.0486,8230,1496,0.3351
Wake,Middle/Upper Income (>120% AMI),2024,Owner,27737,1701,0.0641,0.0129,0.0,569965.0,0.0486,9447,0,0.0613
Wake,Middle/Upper Income (>120% AMI),2024,Renter,29249,1679,0.0607,0.0139,2375.0,0.0,0.0486,9852,0,0.0574
Wake,Moderate Income (81-120% AMI),2024,Owner,31458,5660,0.1823,0.024,0.0,569965.0,0.0486,10042,6,0.1799
Wake,Moderate Income (81-120% AMI),2024,Renter,27580,4845,0.1799,0.0249,2375.0,0.0,0.0486,8802,3,0.1757
Wake,Very Low Income (31-50% AMI),2024,Owner,29588,14985,0.5108,0.2449,0.0,569965.0,0.0486,7903,7082,0.5065
Wake,Very Low Income (31-50% AMI),2024,Renter,26806,13535,0.5073,0.2444,2375.0,0.0,0.0486,7259,6276,0.5049
