coc_id,coc_name,year,avg_los_es_sh,return_24mo_pct,exit_ph_pct,total_homeless,emp_income_exit_pct,succ_ph_pct,median_income_at_exit,pit_total,pit_sheltered,pit_unsheltered,sheltered_pct,total_beds,occupied_beds,exits_ph,utilization_rate,is_wake_county
NC-500,Asheville/Buncombe County CoC,2015,95.7,0.1863,0.3548,2384,0.2491,0.5759,7723.0,486,321,165,0.6605,1242,973,280,0.7834,False
NC-501,Greensboro/High Point CoC,2015,98.7,0.1848,0.3564,1457,0.2677,0.6127,7511.0,1724,1102,622,0.6392,1062,833,209,0.7844,False
NC-502,Durham City & County CoC,2015,89.1,0.2011,0.4392,634,0.2425,0.6558,8404.0,481,326,155,0.6778,1183,912,288,0.7709,False
NC-503,Charlotte/Mecklenburg County CoC,2015,82.8,0.163,0.3438,1977,0.2296,0.637,7712.0,2148,1409,739,0.656,1014,782,233,0.7712,False
NC-504,Fayetteville/Cumberland County CoC,2015,99.4,0.1791,0.3262,1097,0.2307,0.5457,8868.0,1379,910,469,0.6599,1147,859,244,0.7489,False
NC-505,Winston-Salem/Forsyth County CoC,2015,89.9,0.1606,0.4374,1529,0.2018,0.6473,8798.0,916,605,311,0.6605,1085,827,250,0.7622,False
NC-506,Raleigh/Wake County CoC,2015,83.4,0.209,0.4053,1170,0.2266,0.5913,8754.0,844,591,253,0.7002,1942,1532,452,0.7889,True
NC-507,Gastonia/Cleveland/Gaston/Lincoln Counties CoC,2015,93.8,0.1698,0.3691,1478,0.1816,0.5857,8180.0,1518,1022,496,0.6733,958,741,194,0.7735,False
NC-508,Shelby/Cleveland County CoC,2015,106.5,0.2048,0.4294,1110,0.1967,0.614,8482.0,1846,1264,582,0.6847,1156,879,276,0.7604,False
NC-509,Onslow County CoC,2015,85.1,0.1585,0.4046,155,0.2227,0.642,8199.0,1467,993,474,0.6769,1318,1023,289,0.7762,False
NC-510,Wilmington/Brunswick/New Hanover/Pender Counties CoC,2015,89.0,0.17,0.4144,2023,0.2204,0.5452,9463.0,912,608,304,0.6667,1147,875,294,0.7629,False
NC-511,Catawba County CoC,2015,84.2,0.1832,0.3246,385,0.2328,0.6402,8709.0,354,251,103,0.709,1159,884,262,0.7627,False
NC-512,Cabarrus County CoC,2015,89.1,0.2259,0.4134,495,0.2596,0.6143,7081.0,904,576,328,0.6372,1009,801,220,0.7939,False
NC-513,Chapel Hill/Orange County CoC,2015,95.2,0.1802,0.3977,960,0.2224,0.5604,8080.0,1987,1252,735,0.6301,1229,939,258,0.764,False
NC-514,Boone/Watauga County CoC,2015,101.1,0.1708,0.3909,2178,0.1586,0.5475,8504.0,363,243,120,0.6694,1189,929,262,0.7813,False
NC-515,Greenville/Pitt County CoC,2015,90.1,0.1438,0.3365,2281,0.2329,0.6021,7755.0,107,75,32,0.7009,1149,881,250,0.7668,False
NC-516,Burlington/Alamance County CoC,2015,96.8,0.1701,0.3655,1059,0.2332,0.5243,8100.0,160,96,64,0.6,1039,787,220,0.7575,False
NC-517,Rocky Mount/Wilson/Edgecombe/Wilson Counties CoC,2015,99.9,0.1808,0.4226,1516,0.2515,0.5659,9720.0,1036,703,333,0.6786,1185,933,266,0.7873,False
NC-518,Goldsboro/Wayne County CoC,2015,82.6,0.1462,0.3732,977,0.2135,0.5304,8553.0,1338,910,428,0.6801,1085,810,228,0.7465,False
NC-519,Hickory/Catawba County CoC,2015,87.5,0.1636,0.2889,1607,0.2408,0.5542,10317.0,1407,981,426,0.6972,1073,843,234,0.7856,False
NC-520,Sanford/Lee/Harnett Counties CoC,2015,83.0,0.1885,0.4219,2178,0.1993,0.5186,9058.0,1644,1089,555,0.6624,1133,885,248,0.7811,False
NC-500,Asheville/Buncombe County CoC,2016,85.0,0.1771,0.3653,1064,0.2499,0.5752,7935.0,1888,1314,574,0.696,1127,910,258,0.8075,False
NC-501,Greensboro/High Point CoC,2016,96.1,0.1864,0.3916,1476,0.2241,0.5994,8701.0,1451,983,468,0.6775,957,724,222,0.7565,False
NC-502,Durham City & County CoC,2016,79.2,0.1673,0.4106,986,0.1865,0.5895,8852.0,975,704,271,0.7221,1006,788,220,0.7833,False
NC-503,Charlotte/Mecklenburg County CoC,2016,85.0,0.1912,0.3254,2227,0.2312,0.6457,8622.0,1511,984,527,0.6512,1177,912,265,0.7749,False
NC-504,Fayetteville/Cumberland County CoC,2016,93.2,0.132,0.4109,2239,0.2044,0.5829,9234.0,667,453,214,0.6792,1038,783,261,0.7543,False
NC-505,Winston-Salem/Forsyth County CoC,2016,76.3,0.1828,0.415,2050,0.2235,0.6076,9243.0,2113,1383,730,0.6545,1081,839,232,0.7761,False
NC-506,Raleigh/Wake County CoC,2016,89.4,0.1731,0.3989,1268,0.2799,0.6088,8464.0,693,452,241,0.6522,1653,1270,415,0.7683,True
NC-507,Gastonia/Cleveland/Gaston/Lincoln Counties CoC,2016,85.0,0.1856,0.3421,1435,0.2411,0.6327,9427.0,391,252,139,0.6445,1088,824,259,0.7574,False
NC-508,Shelby/Cleveland County CoC,2016,103.9,0.1825,0.4025,1217,0.1856,0.6178,8338.0,752,507,245,0.6742,1133,921,262,0.8129,False
NC-509,Onslow County CoC,2016,100.8,0.1792,0.3429,223,0.2266,0.5362,7972.0,1219,842,377,0.6907,1112,848,253,0.7626,False
NC-510,Wilmington/Brunswick/New Hanover/Pender Counties CoC,2016,100.9,0.1735,0.362,1555,0.2443,0.5408,9796.0,610,430,180,0.7049,1197,935,273,0.7811,False
NC-511,Catawba County CoC,2016,95.8,0.1543,0.4176,374,0.2196,0.6259,8050.0,81,54,27,0.6667,1353,1079,332,0.7975,False
NC-512,Cabarrus County CoC,2016,77.0,0.1999,0.3812,1701,0.2388,0.668,9447.0,868,605,263,0.697,1155,917,310,0.7939,False
NC-513,Chapel Hill/Orange County CoC,2016,72.9,0.1337,0.4095,2149,0.2095,0.6098,9203.0,1091,732,359,0.6709,1078,865,236,0.8024,False
NC-514,Boone/Watauga County CoC,2016,86.0,0.1741,0.3522,2475,0.2258,0.6209,9456.0,2064,1424,640,0.6899,1277,1020,315,0.7987,False
NC-515,Greenville/Pitt County CoC,2016,86.4,0.1921,0.3933,2222,0.2544,0.552,9138.0,1907,1325,582,0.6948,1097,838,239,0.7639,False
NC-516,Burlington/Alamance County CoC,2016,78.8,0.215,0.3986,388,0.2221,0.6105,8473.0,793,544,249,0.686,1144,847,256,0.7404,False
NC-517,Rocky Mount/Wilson/Edgecombe/Wilson Counties CoC,2016,97.4,0.1845,0.4239,1532,0.2119,0.5992,9522.0,577,399,178,0.6915,1333,1042,297,0.7817,False
NC-518,Goldsboro/Wayne County CoC,2016,93.5,0.1729,0.4477,629,0.256,0.6334,7827.0,1407,935,472,0.6645,1109,855,260,0.771,False
NC-519,Hickory/Catawba County CoC,2016,83.6,0.1607,0.3748,155,0.2413,0.5886,8795.0,1908,1337,571,0.7007,1082,824,261,0.7616,False
NC-520,Sanford/Lee/Harnett Counties CoC,2016,81.2,0.148,0.4249,1136,0.1812,0.6331,8807.0,507,330,177,0.6509,1405,1097,311,0.7808,False
NC-500,Asheville/Buncombe County CoC,2017,73.5,0.1396,0.4071,1883,0.238,0.6299,9166.0,1886,1342,544,0.7116,1048,811,234,0.7739,False
NC-501,Greensboro/High Point CoC,2017,73.2,0.1535,0.449,2121,0.2939,0.6696,8981.0,161,114,47,0.7081,1005,809,251,0.805,False
NC-502,Durham City & County CoC,2017,75.8,0.1975,0.4693,1373,0.2105,0.6202,8415.0,1047,750,297,0.7163,1210,971,296,0.8025,False
NC-503,Charlotte/Mecklenburg County CoC,2017,85.7,0.1353,0.3984,301,0.2034,0.5754,9637.0,1847,1305,542,0.7066,1115,885,258,0.7937,False
NC-504,Fayetteville/Cumberland County CoC,2017,81.5,0.1349,0.3842,1728,0.244,0.6385,10132.0,137,84,53,0.6131,1131,877,276,0.7754,False
NC-505,Winston-Salem/Forsyth County CoC,2017,85.3,0.1658,0.4107,891,0.2627,0.6778,9853.0,1781,1265,516,0.7103,1233,977,305,0.7924,False
NC-506,Raleigh/Wake County CoC,2017,88.6,0.1878,0.3963,890,0.2062,0.6693,9688.0,1035,755,280,0.7295,1673,1326,429,0.7926,True
NC-507,Gastonia/Cleveland/Gaston/Lincoln Counties CoC,2017,87.8,0.1579,0.3805,1635,0.2802,0.6875,9197.0,1820,1222,598,0.6714,1305,980,307,0.751,False
NC-508,Shelby/Cleveland County CoC,2017,80.1,0.1571,0.4219,2131,0.258,0.6582,9608.0,1148,810,338,0.7056,1237,1004,293,0.8116,False
NC-509,Onslow County CoC,2017,87.5,0.1565,0.3374,2149,0.2652,0.6436,8525.0,1318,906,412,0.6874,1056,813,251,0.7699,False
NC-510,Wilmington/Brunswick/New Hanover/Pender Counties CoC,2017,79.0,0.1745,0.4472,2235,0.2235,0.5939,9725.0,515,339,176,0.6583,1059,809,227,0.7639,False
NC-511,Catawba County CoC,2017,78.3,0.173,0.4319,382,0.213,0.6127,8913.0,67,42,25,0.6269,1026,831,273,0.8099,False
NC-512,Cabarrus County CoC,2017,75.8,0.1484,0.4372,316,0.2331,0.6185,9344.0,1602,1120,482,0.6991,1427,1180,360,0.8269,False
NC-513,Chapel Hill/Orange County CoC,2017,84.1,0.1736,0.4146,2424,0.2296,0.6329,8810.0,1375,976,399,0.7098,1147,899,256,0.7838,False
NC-514,Boone/Watauga County CoC,2017,82.6,0.1639,0.4514,1908,0.2243,0.5759,9405.0,463,304,159,0.6566,979,795,244,0.8121,False
NC-515,Greenville/Pitt County CoC,2017,98.2,0.1385,0.4332,1098,0.2855,0.55,10072.0,1605,1115,490,0.6947,1416,1110,354,0.7839,False
NC-516,Burlington/Alamance County CoC,2017,90.8,0.1728,0.4463,1154,0.3083,0.6858,9125.0,978,700,278,0.7157,1066,867,258,0.8133,False
NC-517,Rocky Mount/Wilson/Edgecombe/Wilson Counties CoC,2017,79.7,0.1817,0.4386,1929,0.2056,0.607,8584.0,1937,1354,583,0.699,862,660,195,0.7657,False
NC-518,Goldsboro/Wayne County CoC,2017,86.8,0.2022,0.4114,1492,0.249,0.6653,10961.0,1567,1128,439,0.7198,944,742,216,0.786,False
NC-519,Hickory/Catawba County CoC,2017,81.7,0.1474,0.4407,357,0.271,0.618,10555.0,2044,1397,647,0.6835,1136,908,284,0.7993,False
NC-520,Sanford/Lee/Harnett Counties CoC,2017,78.7,0.1762,0.4199,886,0.2619,0.5471,9724.0,2046,1430,616,0.6989,1394,1116,335,0.8006,False
NC-500,Asheville/Buncombe County CoC,2018,85.4,0.1739,0.436,1621,0.2278,0.6184,8709.0,1742,1251,491,0.7181,1249,991,323,0.7934,False
NC-501,Greensboro/High Point CoC,2018,78.9,0.2014,0.4802,2254,0.2698,0.5887,8905.0,1775,1297,478,0.7307,1246,1029,320,0.8258,False
NC-502,Durham City & County CoC,2018,80.4,0.1602,0.4667,1728,0.2564,0.6977,11513.0,1150,845,305,0.7348,1259,1006,328,0.799,False
NC-503,Charlotte/Mecklenburg County CoC,2018,82.1,0.1647,0.4343,1633,0.2511,0.663,9977.0,68,44,24,0.6471,1119,885,294,0.7909,False
NC-504,Fayetteville/Cumberland County CoC,2018,77.3,0.1545,0.3847,1811,0.2835,0.6105,10735.0,770,537,233,0.6974,1304,1060,303,0.8129,False
NC-505,Winston-Salem/Forsyth County CoC,2018,73.7,0.1645,0.4183,532,0.2872,0.648,10563.0,1631,1126,505,0.6904,1356,1079,369,0.7957,False
NC-506,Raleigh/Wake County CoC,2018,73.8,0.1658,0.4328,993,0.2504,0.6383,10063.0,696,464,232,0.6667,1743,1423,455,0.8164,True
NC-507,Gastonia/Cleveland/Gaston/Lincoln Counties CoC,2018,91.7,0.1822,0.4869,882,0.2427,0.5933,8416.0,1359,941,418,0.6924,1321,1043,384,0.7896,False
NC-508,Shelby/Cleveland County CoC,2018,79.1,0.1263,0.4031,874,0.2804,0.6873,10846.0,1814,1240,574,0.6836,1176,951,327,0.8087,False
NC-509,Onslow County CoC,2018,86.1,0.1815,0.4201,1116,0.2711,0.6811,9568.0,424,290,134,0.684,1251,995,345,0.7954,False
NC-510,Wilmington/Brunswick/New Hanover/Pender Counties CoC,2018,71.9,0.1732,0.505,1912,0.2967,0.6632,9135.0,1514,1019,495,0.6731,1131,922,291,0.8152,False
NC-511,Catawba County CoC,2018,82.5,0.1611,0.4436,2296,0.2597,0.6802,11232.0,1214,863,351,0.7109,1043,852,292,0.8169,False
NC-512,Cabarrus County CoC,2018,77.5,0.161,0.4204,1181,0.2558,0.67,8257.0,2164,1590,574,0.7348,1296,1041,366,0.8032,False
NC-513,Chapel Hill/Orange County CoC,2018,93.1,0.1235,0.4738,1714,0.2063,0.6975,8025.0,527,377,150,0.7154,1302,1035,335,0.7949,False
NC-514,Boone/Watauga County CoC,2018,78.8,0.1538,0.5071,1224,0.2679,0.6816,7967.0,331,227,104,0.6858,1154,921,306,0.7981,False
NC-515,Greenville/Pitt County CoC,2018,91.2,0.1506,0.4183,1465,0.2763,0.6838,9178.0,2033,1411,622,0.694,1102,880,269,0.7985,False
NC-516,Burlington/Alamance County CoC,2018,74.1,0.1449,0.491,507,0.2314,0.6183,10697.0,1556,1073,483,0.6896,1279,994,311,0.7772,False
NC-517,Rocky Mount/Wilson/Edgecombe/Wilson Counties CoC,2018,77.2,0.1722,0.4206,2058,0.2889,0.6085,9109.0,1009,705,304,0.6987,1250,1011,318,0.8088,False
NC-518,Goldsboro/Wayne County CoC,2018,75.0,0.1518,0.4993,1716,0.2386,0.5977,8830.0,555,378,177,0.6811,1343,1033,355,0.7692,False
NC-519,Hickory/Catawba County CoC,2018,81.0,0.2037,0.4811,1993,0.2407,0.5891,11071.0,446,312,134,0.6996,865,687,237,0.7942,False
NC-520,Sanford/Lee/Harnett Counties CoC,2018,77.9,0.1644,0.4725,553,0.221,0.6005,9228.0,573,435,138,0.7592,888,668,212,0.7523,False
NC-500,Asheville/Buncombe County CoC,2019,62.5,0.2016,0.4914,996,0.2381,0.6755,10238.0,212,142,70,0.6698,1044,840,271,0.8046,False
NC-501,Greensboro/High Point CoC,2019,65.0,0.157,0.4583,316,0.3153,0.6557,11068.0,1369,999,370,0.7297,912,715,231,0.784,False
NC-502,Durham City & County CoC,2019,69.0,0.1675,0.4691,927,0.3369,0.6429,9969.0,1140,781,359,0.6851,1243,995,317,0.8005,False
NC-503,Charlotte/Mecklenburg County CoC,2019,63.9,0.1514,0.4164,298,0.3219,0.6261,11160.0,371,262,109,0.7062,1179,951,343,0.8066,False
NC-504,Fayetteville/Cumberland County CoC,2019,77.7,0.1909,0.4924,1727,0.273,0.6428,9889.0,225,151,74,0.6711,1206,990,325,0.8209,False
NC-505,Winston-Salem/Forsyth County CoC,2019,78.7,0.154,0.4747,2079,0.2744,0.7487,10803.0,1466,1021,445,0.6965,1112,887,310,0.7977,False
NC-506,Raleigh/Wake County CoC,2019,71.0,0.1508,0.4948,1240,0.3128,0.6754,8376.0,832,589,243,0.7079,1985,1613,572,0.8126,True
NC-507,Gastonia/Cleveland/Gaston/Lincoln Counties CoC,2019,85.4,0.1483,0.4798,2356,0.2492,0.6149,8624.0,2039,1415,624,0.694,1266,1037,366,0.8191,False
NC-508,Shelby/Cleveland County CoC,2019,81.8,0.1337,0.5047,878,0.284,0.6928,9578.0,880,623,257,0.708,1209,940,311,0.7775,False
NC-509,Onslow County CoC,2019,71.7,0.2018,0.4612,1416,0.2404,0.6264,11091.0,1914,1352,562,0.7064,1089,893,316,0.82,False
NC-510,Wilmington/Brunswick/New Hanover/Pender Counties CoC,2019,80.1,0.167,0.4913,2253,0.262,0.6282,9817.0,1233,881,352,0.7145,977,798,265,0.8168,False
NC-511,Catawba County CoC,2019,66.3,0.1466,0.485,377,0.2667,0.6938,9355.0,2007,1445,562,0.72,1049,803,276,0.7655,False
NC-512,Cabarrus County CoC,2019,78.0,0.1649,0.4865,1972,0.2383,0.6518,9627.0,627,455,172,0.7257,1233,1008,344,0.8175,False
NC-513,Chapel Hill/Orange County CoC,2019,75.7,0.1619,0.488,477,0.2789,0.6863,8770.0,295,208,87,0.7051,1098,881,290,0.8024,False
NC-514,Boone/Watauga County CoC,2019,86.4,0.1272,0.4371,1611,0.2455,0.5422,9872.0,340,233,107,0.6853,1219,957,315,0.7851,False
NC-515,Greenville/Pitt County CoC,2019,64.8,0.1645,0.4272,1980,0.2593,0.699,10163.0,190,134,56,0.7053,989,794,255,0.8028,False
NC-516,Burlington/Alamance County CoC,2019,66.8,0.1601,0.4699,1416,0.2803,0.6646,9906.0,488,349,139,0.7152,1197,966,363,0.807,False
NC-517,Rocky Mount/Wilson/Edgecombe/Wilson Counties CoC,2019,70.1,0.1466,0.4974,636,0.3054,0.6275,8822.0,575,382,193,0.6643,1119,887,309,0.7927,False
NC-518,Goldsboro/Wayne County CoC,2019,74.3,0.1361,0.4616,1759,0.2595,0.7521,10715.0,880,653,227,0.742,1034,827,295,0.7998,False
NC-519,Hickory/Catawba County CoC,2019,84.7,0.1456,0.4749,2316,0.2435,0.6841,10310.0,1635,1209,426,0.7394,1146,913,301,0.7967,False
NC-520,Sanford/Lee/Harnett Counties CoC,2019,72.2,0.1239,0.4795,2301,0.2552,0.673,10837.0,1620,1141,479,0.7043,1061,840,285,0.7917,False
NC-500,Asheville/Buncombe County CoC,2020,85.0,0.1401,0.4587,296,0.2614,0.687,11984.0,2120,1619,501,0.7637,1031,832,308,0.807,False
NC-501,Greensboro/High Point CoC,2020,68.7,0.1484,0.395,1842,0.3212,0.7299,10403.0,513,355,158,0.692,1277,1030,356,0.8066,False
NC-502,Durham City & County CoC,2020,75.0,0.1423,0.4166,2236,0.3265,0.7365,10786.0,1530,1111,419,0.7261,1313,1036,367,0.789,False
NC-503,Charlotte/Mecklenburg County CoC,2020,65.7,0.1611,0.5209,1969,0.2799,0.6213,10403.0,106,74,32,0.6981,1192,956,341,0.802,False
NC-504,Fayetteville/Cumberland County CoC,2020,81.2,0.1515,0.5016,1296,0.24,0.6374,10137.0,1809,1335,474,0.738,1073,880,306,0.8201,False
NC-505,Winston-Salem/Forsyth County CoC,2020,83.9,0.1264,0.5283,2091,0.3258,0.7384,11049.0,1168,861,307,0.7372,931,773,264,0.8303,False
NC-506,Raleigh/Wake County CoC,2020,72.6,0.1562,0.4942,1187,0.2893,0.7175,9732.0,821,541,280,0.659,1995,1654,601,0.8291,True
NC-507,Gastonia/Cleveland/Gaston/Lincoln Counties CoC,2020,83.1,0.1285,0.5122,2042,0.3304,0.7138,10220.0,821,585,236,0.7125,1069,868,293,0.812,False
NC-508,Shelby/Cleveland County CoC,2020,76.1,0.1612,0.4564,1045,0.3304,0.6668,10671.0,977,677,300,0.6929,1256,1014,372,0.8073,False
NC-509,Onslow County CoC,2020,67.3,0.145,0.423,733,0.305,0.6726,10683.0,522,377,145,0.7222,1240,1016,347,0.8194,False
NC-510,Wilmington/Brunswick/New Hanover/Pender Counties CoC,2020,82.3,0.1412,0.4561,454,0.2712,0.6738,10449.0,204,148,56,0.7255,1091,896,322,0.8213,False
NC-511,Catawba County CoC,2020,75.0,0.1243,0.5071,2172,0.3063,0.6951,10427.0,1177,830,347,0.7052,1287,1067,394,0.8291,False
NC-512,Cabarrus County CoC,2020,72.5,0.1659,0.4582,2243,0.2697,0.6855,10769.0,1547,1114,433,0.7201,1331,1090,399,0.8189,False
NC-513,Chapel Hill/Orange County CoC,2020,79.9,0.1795,0.5117,324,0.2855,0.6869,10882.0,328,239,89,0.7287,1060,896,323,0.8453,False
NC-514,Boone/Watauga County CoC,2020,65.5,0.1314,0.4322,1254,0.2883,0.6731,10290.0,664,481,183,0.7244,1165,943,338,0.8094,False
NC-515,Greenville/Pitt County CoC,2020,75.3,0.1312,0.4486,2408,0.2674,0.7117,10227.0,1605,1180,425,0.7352,1106,893,325,0.8074,False
NC-516,Burlington/Alamance County CoC,2020,69.5,0.1595,0.3626,2280,0.2949,0.6781,11682.0,521,380,141,0.7294,1182,997,344,0.8435,False
NC-517,Rocky Mount/Wilson/Edgecombe/Wilson Counties CoC,2020,68.7,0.1429,0.4296,1930,0.306,0.6513,10660.0,1855,1310,545,0.7062,1302,1044,369,0.8018,False
NC-518,Goldsboro/Wayne County CoC,2020,77.9,0.1577,0.4528,823,0.3247,0.6522,9814.0,752,537,215,0.7141,1017,847,310,0.8328,False
NC-519,Hickory/Catawba County CoC,2020,69.9,0.1619,0.4606,1341,0.2706,0.6648,11738.0,1971,1443,528,0.7321,1270,975,316,0.7677,False
NC-520,Sanford/Lee/Harnett Counties CoC,2020,68.0,0.1206,0.4708,360,0.2742,0.7009,11176.0,1912,1410,502,0.7374,867,709,249,0.8178,False
NC-500,Asheville/Buncombe County CoC,2021,67.4,0.14,0.4968,443,0.3101,0.6967,9710.0,1561,1135,426,0.7271,1218,1037,395,0.8514,False
NC-501,Greensboro/High Point CoC,2021,76.4,0.1621,0.464,779,0.3144,0.683,10029.0,134,94,40,0.7015,1352,1148,405,0.8491,False
NC-502,Durham City & County CoC,2021,73.5,0.1402,0.4756,683,0.2361,0.6783,12642.0,1746,1351,395,0.7738,1109,923,372,0.8323,False
NC-503,Charlotte/Mecklenburg County CoC,2021,60.9,0.1421,0.4344,442,0.2866,0.6594,11499.0,1062,772,290,0.7269,1258,1055,428,0.8386,False
NC-504,Fayetteville/Cumberland County CoC,2021,67.3,0.0954,0.5262,427,0.2688,0.7036,12193.0,1077,812,265,0.7539,978,803,276,0.8211,False
NC-505,Winston-Salem/Forsyth County CoC,2021,70.5,0.1306,0.5606,713,0.304,0.7271,10667.0,1445,1001,444,0.6927,1035,843,293,0.8145,False
NC-506,Raleigh/Wake County CoC,2021,74.9,0.1338,0.5491,854,0.3125,0.7333,12369.0,1106,816,290,0.7378,1597,1286,468,0.8053,True
NC-507,Gastonia/Cleveland/Gaston/Lincoln Counties CoC,2021,72.5,0.1579,0.4175,2004,0.2599,0.6499,12330.0,1040,772,268,0.7423,1162,951,352,0.8184,False
NC-508,Shelby/Cleveland County CoC,2021,77.3,0.1541,0.498,157,0.2481,0.661,9866.0,1706,1219,487,0.7145,1260,1031,352,0.8183,False
NC-509,Onslow County CoC,2021,75.3,0.1816,0.4922,755,0.331,0.7586,10297.0,139,100,39,0.7194,1003,844,314,0.8415,False
NC-510,Wilmington/Brunswick/New Hanover/Pender Counties CoC,2021,75.1,0.1591,0.5643,391,0.3796,0.6761,10732.0,854,629,225,0.7365,1144,943,357,0.8243,False
NC-511,Catawba County CoC,2021,74.1,0.1362,0.4608,2057,0.2797,0.7499,10360.0,530,394,136,0.7434,1084,894,289,0.8247,False
NC-512,Cabarrus County CoC,2021,77.2,0.143,0.5173,2079,0.2563,0.7093,10005.0,1670,1208,462,0.7234,1470,1190,406,0.8095,False
NC-513,Chapel Hill/Orange County CoC,2021,78.0,0.1535,0.4272,1462,0.2645,0.7054,12940.0,528,380,148,0.7197,976,811,335,0.8309,False
NC-514,Boone/Watauga County CoC,2021,65.2,0.1515,0.4049,1948,0.3328,0.6986,11634.0,916,679,237,0.7413,1414,1201,491,0.8494,False
NC-515,Greenville/Pitt County CoC,2021,69.9,0.1633,0.5843,441,0.3638,0.7121,11858.0,1668,1251,417,0.75,1249,1017,354,0.8143,False
NC-516,Burlington/Alamance County CoC,2021,75.6,0.1603,0.4534,1302,0.3291,0.6488,10701.0,1057,776,281,0.7342,1043,865,294,0.8293,False
NC-517,Rocky Mount/Wilson/Edgecombe/Wilson Counties CoC,2021,72.4,0.1664,0.5137,416,0.2689,0.6554,11410.0,850,630,220,0.7412,1248,1025,378,0.8213,False
NC-518,Goldsboro/Wayne County CoC,2021,62.2,0.1804,0.4602,2240,0.2978,0.6497,11402.0,2063,1558,505,0.7552,1129,972,347,0.8609,False
NC-519,Hickory/Catawba County CoC,2021,83.0,0.1293,0.4956,1263,0.2728,0.7144,12189.0,1208,903,305,0.7475,1145,983,366,0.8585,False
NC-520,Sanford/Lee/Harnett Counties CoC,2021,60.2,0.1329,0.496,757,0.3061,0.6061,10838.0,821,583,238,0.7101,1484,1241,404,0.8363,False
NC-500,Asheville/Buncombe County CoC,2022,68.0,0.1318,0.5319,506,0.3096,0.6884,11600.0,839,619,220,0.7378,1203,1021,387,0.8487,False
NC-501,Greensboro/High Point CoC,2022,63.3,0.1796,0.5229,1319,0.2825,0.7302,10641.0,2017,1418,599,0.703,1037,853,306,0.8226,False
NC-502,Durham City & County CoC,2022,57.7,0.1301,0.569,1729,0.2928,0.7208,11612.0,1168,841,327,0.72,1473,1224,454,0.831,False
NC-503,Charlotte/Mecklenburg County CoC,2022,70.8,0.1526,0.5471,2100,0.3233,0.6887,12514.0,165,116,49,0.703,1060,869,323,0.8198,False
NC-504,Fayetteville/Cumberland County CoC,2022,81.4,0.1429,0.4565,539,0.3201,0.7657,12612.0,386,285,101,0.7383,999,836,303,0.8368,False
NC-505,Winston-Salem/Forsyth County CoC,2022,68.8,0.1698,0.5457,618,0.3154,0.7368,11439.0,1948,1494,454,0.7669,1104,959,375,0.8687,False
NC-506,Raleigh/Wake County CoC,2022,54.7,0.1175,0.4988,1280,0.3343,0.7646,11552.0,977,722,255,0.739,1762,1469,533,0.8337,True
NC-507,Gastonia/Cleveland/Gaston/Lincoln Counties CoC,2022,66.7,0.1402,0.5408,2218,0.3713,0.6655,11680.0,486,343,143,0.7058,1189,993,348,0.8352,False
NC-508,Shelby/Cleveland County CoC,2022,71.7,0.1713,0.4644,1456,0.2554,0.6671,10204.0,415,304,111,0.7325,1146,984,360,0.8586,False
NC-509,Onslow County CoC,2022,59.8,0.169,0.4915,590,0.3276,0.6725,11634.0,1819,1399,420,0.7691,1228,1050,424,0.855,False
NC-510,Wilmington/Brunswick/New Hanover/Pender Counties CoC,2022,66.5,0.132,0.5283,2269,0.3169,0.715,10662.0,399,301,98,0.7544,1361,1123,413,0.8251,False
NC-511,Catawba County CoC,2022,75.9,0.1372,0.4749,1723,0.315,0.7269,11636.0,1429,1109,320,0.7761,1254,1011,416,0.8062,False
NC-512,Cabarrus County CoC,2022,71.3,0.1385,0.5481,1851,0.357,0.6858,11243.0,1734,1282,452,0.7393,1059,919,342,0.8678,False
NC-513,Chapel Hill/Orange County CoC,2022,64.5,0.1291,0.4891,1944,0.2747,0.7043,10963.0,181,131,50,0.7238,1379,1166,444,0.8455,False
NC-514,Boone/Watauga County CoC,2022,59.8,0.1169,0.5721,2147,0.3175,0.6785,10314.0,1050,779,271,0.7419,1269,1074,394,0.8463,False
NC-515,Greenville/Pitt County CoC,2022,75.8,0.1379,0.4565,1010,0.314,0.7232,12030.0,83,54,29,0.6506,1015,861,334,0.8483,False
NC-516,Burlington/Alamance County CoC,2022,77.1,0.1321,0.5164,1527,0.3131,0.6857,12087.0,596,469,127,0.7869,1021,836,330,0.8188,False
NC-517,Rocky Mount/Wilson/Edgecombe/Wilson Counties CoC,2022,81.3,0.1472,0.5356,2361,0.3368,0.8304,12000.0,751,563,188,0.7497,1279,1066,410,0.8335,False
NC-518,Goldsboro/Wayne County CoC,2022,62.7,0.1779,0.4757,2243,0.3299,0.6867,11497.0,1946,1498,448,0.7698,1207,984,380,0.8152,False
NC-519,Hickory/Catawba County CoC,2022,81.4,0.1233,0.4933,2152,0.3311,0.6676,12673.0,1288,971,317,0.7539,896,747,264,0.8337,False
NC-520,Sanford/Lee/Harnett Counties CoC,2022,72.7,0.1239,0.4393,2386,0.3167,0.7159,11420.0,935,704,231,0.7529,1196,985,349,0.8236,False
NC-500,Asheville/Buncombe County CoC,2023,71.0,0.1321,0.5487,1240,0.3887,0.7879,12349.0,2092,1629,463,0.7787,1324,1093,425,0.8255,False
NC-501,Greensboro/High Point CoC,2023,70.9,0.1353,0.5398,1593,0.3611,0.7289,12953.0,353,268,85,0.7592,1100,923,362,0.8391,False
NC-502,Durham City & County CoC,2023,53.8,0.1113,0.5239,2022,0.3757,0.7112,13049.0,936,684,252,0.7308,1042,878,348,0.8426,False
NC-503,Charlotte/Mecklenburg County CoC,2023,68.0,0.1246,0.4968,1071,0.2949,0.7305,11873.0,712,527,185,0.7402,1313,1109,440,0.8446,False
NC-504,Fayetteville/Cumberland County CoC,2023,57.0,0.1174,0.5095,2389,0.3532,0.7664,12828.0,1425,1086,339,0.7621,1158,995,391,0.8592,False
NC-505,Winston-Salem/Forsyth County CoC,2023,59.9,0.1323,0.5892,459,0.3056,0.7625,10799.0,1128,909,219,0.8059,1265,1032,432,0.8158,False
NC-506,Raleigh/Wake County CoC,2023,44.3,0.1368,0.5898,1124,0.3222,0.733,11750.0,991,750,241,0.7568,2268,1871,690,0.825,True
NC-507,Gastonia/Cleveland/Gaston/Lincoln Counties CoC,2023,69.1,0.149,0.5291,2030,0.3743,0.7203,13256.0,835,620,215,0.7425,1105,959,413,0.8679,False
NC-508,Shelby/Cleveland County CoC,2023,59.8,0.1289,0.548,1937,0.3444,0.6499,11603.0,1659,1274,385,0.7679,1079,939,340,0.8703,False
NC-509,Onslow County CoC,2023,60.2,0.1436,0.4952,943,0.3093,0.6637,12088.0,1731,1296,435,0.7487,1286,1139,393,0.8857,False
NC-510,Wilmington/Brunswick/New Hanover/Pender Counties CoC,2023,58.1,0.1528,0.4448,1614,0.3181,0.728,11667.0,1426,1055,371,0.7398,1103,928,360,0.8413,False
NC-511,Catawba County CoC,2023,74.1,0.1387,0.5862,1225,0.4103,0.703,9995.0,2001,1544,457,0.7716,1239,1046,385,0.8442,False
NC-512,Cabarrus County CoC,2023,50.8,0.1581,0.5126,1332,0.352,0.7645,12591.0,1788,1410,378,0.7886,1343,1115,481,0.8302,False
NC-513,Chapel Hill/Orange County CoC,2023,59.6,0.1215,0.5925,2223,0.3011,0.6983,11443.0,934,712,222,0.7623,955,797,313,0.8346,False
NC-514,Boone/Watauga County CoC,2023,54.8,0.1505,0.5225,440,0.3363,0.6579,11296.0,1855,1421,434,0.766,1255,1002,402,0.7984,False
NC-515,Greenville/Pitt County CoC,2023,72.2,0.1847,0.5578,1681,0.3602,0.7975,11888.0,1511,1167,344,0.7723,1129,1003,398,0.8884,False
NC-516,Burlington/Alamance County CoC,2023,72.2,0.1549,0.5289,1406,0.2858,0.7489,13689.0,1455,1086,369,0.7464,1066,920,337,0.863,False
NC-517,Rocky Mount/Wilson/Edgecombe/Wilson Counties CoC,2023,60.4,0.1418,0.5398,1725,0.3352,0.7048,12570.0,1261,923,338,0.732,1141,974,385,0.8536,False
NC-518,Goldsboro/Wayne County CoC,2023,57.1,0.1148,0.57,1919,0.2819,0.692,12766.0,300,236,64,0.7867,1148,997,367,0.8685,False
NC-519,Hickory/Catawba County CoC,2023,65.0,0.1218,0.6204,1398,0.3414,0.7083,13433.0,1619,1190,429,0.735,1248,1083,445,0.8678,False
NC-520,Sanford/Lee/Harnett Counties CoC,2023,68.7,0.1577,0.5299,1295,0.302,0.6908,12183.0,189,134,55,0.709,1062,903,383,0.8503,False
NC-500,Asheville/Buncombe County CoC,2024,56.8,0.1372,0.5614,956,0.3043,0.7413,11157.0,1217,931,286,0.765,1283,1086,421,0.8465,False
NC-501,Greensboro/High Point CoC,2024,66.0,0.1199,0.6044,669,0.3802,0.7924,10654.0,1053,784,269,0.7445,1157,973,373,0.841,False
NC-502,Durham City & County CoC,2024,55.9,0.1124,0.5326,1215,0.327,0.6987,13202.0,822,621,201,0.7555,1059,913,367,0.8621,False
NC-503,Charlotte/Mecklenburg County CoC,2024,59.5,0.1634,0.5742,257,0.3546,0.7847,13212.0,1282,1039,243,0.8105,1282,1030,387,0.8034,False
NC-504,Fayetteville/Cumberland County CoC,2024,54.9,0.0939,0.6115,2428,0.2836,0.7628,11543.0,362,288,74,0.7956,1252,1057,402,0.8442,False
NC-505,Winston-Salem/Forsyth County CoC,2024,62.3,0.1296,0.5525,999,0.3551,0.724,13169.0,1603,1252,351,0.781,1191,983,380,0.8254,False
NC-506,Raleigh/Wake County CoC,2024,53.8,0.1468,0.6348,1174,0.3336,0.8067,12633.0,1079,819,260,0.759,1693,1389,547,0.8204,True
NC-507,Gastonia/Cleveland/Gaston/Lincoln Counties CoC,2024,63.1,0.11,0.5348,166,0.4079,0.7209,10583.0,1164,882,282,0.7577,1185,1016,421,0.8574,False
NC-508,Shelby/Cleveland County CoC,2024,69.7,0.1353,0.5215,790,0.3632,0.8142,12411.0,207,158,49,0.7633,1105,929,375,0.8407,False
NC-509,Onslow County CoC,2024,51.4,0.1458,0.5606,2251,0.3189,0.7041,11714.0,1864,1447,417,0.7763,1121,956,346,0.8528,False
NC-510,Wilmington/Brunswick/New Hanover/Pender Counties CoC,2024,51.4,0.1354,0.5468,1687,0.3039,0.7132,12960.0,1023,783,240,0.7654,1195,1033,404,0.8644,False
NC-511,Catawba County CoC,2024,74.1,0.1024,0.6061,880,0.3763,0.7562,12134.0,817,602,215,0.7368,1245,1102,457,0.8851,False
NC-512,Cabarrus County CoC,2024,58.2,0.0961,0.625,468,0.3629,0.7043,13236.0,517,376,141,0.7273,1263,1101,481,0.8717,False
NC-513,Chapel Hill/Orange County CoC,2024,62.8,0.1283,0.5942,1547,0.3393,0.744,12318.0,1763,1355,408,0.7686,1195,1035,404,0.8661,False
NC-514,Boone/Watauga County CoC,2024,54.6,0.1055,0.5648,465,0.3431,0.7434,11039.0,1100,835,265,0.7591,1197,1001,384,0.8363,False
NC-515,Greenville/Pitt County CoC,2024,70.7,0.1466,0.5242,2312,0.3896,0.7491,12230.0,1394,1055,339,0.7568,1040,846,341,0.8135,False
NC-516,Burlington/Alamance County CoC,2024,57.2,0.133,0.4994,1901,0.3444,0.7764,12013.0,408,312,96,0.7647,1275,1109,440,0.8698,False
NC-517,Rocky Mount/Wilson/Edgecombe/Wilson Counties CoC,2024,49.9,0.1141,0.5894,1675,0.3191,0.7653,12142.0,380,288,92,0.7579,1196,982,359,0.8211,False
NC-518,Goldsboro/Wayne County CoC,2024,54.1,0.0989,0.5092,1342,0.3564,0.7876,12752.0,1845,1368,477,0.7415,1011,919,377,0.909,False
NC-519,Hickory/Catawba County CoC,2024,62.2,0.1048,0.4967,1897,0.3176,0.8029,11958.0,169,111,58,0.6568,968,841,339,0.8688,False
NC-520,Sanford/Lee/Harnett Counties CoC,2024,58.4,0.1325,0.6022,1190,0.3312,0.7752,13534.0,2062,1657,405,0.8036,1254,1079,400,0.8604,False
